순번,분전함,세부주소,Latitude,Longitude,등주수량,등수,데이터기준일자,weight
1,고등공원로1,경기도 성남시 수정구 고등동 589-2 / 이마트24부근사거리,37.4279544,127.0989973,29,53,2025-08-05,0.4
2,고등로1,경기도 성남시 수정구 고등동 588 / 고등제일교회,37.4300414,127.1003513,25,42,2025-08-05,0.4
3,고등로2,경기도 성남시 수정구 고등동 578 / 고등제일교회,37.4300414,127.1003513,14,14,2025-08-05,0.4
4,고등로3,경기도 성남시 수정구 고등동 576 / 자이301동 터널지나,37.4305782,127.0955364,29,46,2025-08-05,0.4
5,고등로3길1,경기도 성남시 수정구 고등동 575-6 / 자이308동부근,37.4301999,127.0938409,20,20,2025-08-05,0.4
6,공원로1,경기도 성남시 수정구 신흥2동 2464-1 / 청구아파트앞,37.443485,127.150879,34,34,2025-08-05,0.4
7,공원로2,경기도 성남시 수정구 신흥3동 2827 / 노상주차장,37.4410977,127.1511188,13,26,2025-08-05,0.4
8,공원로3,경기도 성남시 수정구 신흥동 1748 / 성남초교사거리,37.445425,127.1468814,61,63,2025-08-05,0.4
9,공원로352번길1,경기도 성남시 수정구 신흥2동 2463 / 희망대공원앞,37.4477239,127.1501986,34,34,2025-08-05,0.4
10,공원로370번길1,경기도 성남시 수정구 신흥2동 2024 / 희망대삼거리(카센터앞),37.4472469,127.1516226,6,17,2025-08-05,0.4
11,공원로4,경기도 성남시 수정구 태평동 1 / 공영주차장앞,37.435789,127.165916,40,40,2025-08-05,0.4
12,공원로5,경기도 성남시 수정구 신흥동 116 / 신흥성당입구,37.440956,127.147509,44,44,2025-08-05,0.4
13,공원로6,경기도 성남시 수정구 태평동 1992-1 / 성남여중맞은편,37.4500708,127.1417166,16,16,2025-08-05,0.4
14,공원로7,경기도 성남시 수정구 복정동 산76 / 자광원앞,37.4592407,127.1391627,26,26,2025-08-05,0.4
15,공원로8,경기도 성남시 수정구 복정동 산76 / 자광원앞,37.4592407,127.1391627,24,24,2025-08-05,0.4
16,금토로1,경기도 성남시 수정구 금토동 406-1 /,37.40516,127.088096,13,22,2025-08-05,0.4
17,금토로2,경기도 성남시 수정구 금토동 410-61 /,37.4066425,127.0918636,11,14,2025-08-05,0.4
18,금토로3,경기도 성남시 수정구 시흥동 293-48 /,37.4089262,127.0943911,11,14,2025-08-05,0.4
19,금토로4,경기도 성남시 수정구 시흥동 산51-2 /,37.4117519,127.0933787,18,29,2025-08-05,0.4
20,금토로1,경기도 성남시 수정구 금토동 406-1 /,37.40516,127.088096,13,22,2025-08-05,0.4
21,금토로2,경기도 성남시 수정구 금토동 410-415 /,37.4076659,127.0906803,11,14,2025-08-05,0.4
22,금토로3,경기도 성남시 수정구 금토동 410-414 /,37.4076659,127.0906803,11,14,2025-08-05,0.4
23,금토로4,경기도 성남시 수정구 금토동 405-11 /,37.4062876,127.0880121,18,29,2025-08-05,0.4
24,금토로80번길1,경기도 성남시 수정구 금토동 315-10 /,37.4073694,127.0887966,31,43,2025-08-05,0.4
25,금토로80번길2,경기도 성남시 수정구 금토동 315-1 /,37.4071777,127.0890232,32,45,2025-08-05,0.4
26,금토로80번길3,경기도 성남시 수정구 금토동 427-21 /,37.405384,127.0857252,22,27,2025-08-05,0.4
27,남한산성로1,경기도 성남시 수정구 단대동 산101 / 웃논골 버스정류장,37.4534098,127.1280829,53,28,2025-08-05,0.4
28,남한산성로2,경기도 성남시 중원구 은행2동 14-2 / 구매표소앞계단,37.4607411,127.1707935,63,65,2025-08-05,0.4
29,논골로1,경기도 성남시 수정구 양지동 743 / 헤어 화,37.4397119,127.127113,33,33,2025-08-05,0.4
30,논골로2,경기도 성남시 수정구 단대동 6985-14 / 5M보안등(논골),37.4620839,127.1567419,6,6,2025-08-05,0.4
31,단대로1,경기도 성남시 수정구 산성동 510-3 / 단대공원산성공영주차장앞,37.4543017,127.1544555,9,11,2025-08-05,0.4
32,달래내로1,경기도 성남시 수정구 금토동 270-5 / 남산마을금토제4경로회관앞,37.4089184,127.0960001,26,26,2025-08-05,0.4
33,달래내로2,경기도 성남시 수정구 시흥동 293-45 /,37.4088038,127.0945412,12,22,2025-08-05,0.4
34,달래내로3,경기도 성남시 수정구 상적동 216-13 / 고속도로굴다리터널등(옛골굴다리),37.4293479,127.0714469,20,20,2025-08-05,0.4
35,달래내로4,경기도 성남시 수정구 상적동 240-1(한전240-4) / 달래내고개,37.4234152,127.0766306,27,31,2025-08-05,0.4
36,달래내로5,경기도 성남시 수정구 금토동 410-46 /,37.4084053,127.0929733,14,23,2025-08-05,0.4
37,달래내로6,경기도 성남시 수정구 금토동 293 / 금토제4경로회관(남산마을맞은편),37.0600821,126.9803692,23,23,2025-08-05,0.4
38,대왕판교로1,경기도 성남시 수정구 시흥동 281-20 / 금토삼거리 버스정류장,37.410858,127.0996668,18,22,2025-08-05,0.4
39,대왕판교로10,경기도 성남시 수정구 신촌동 124-3 / 신촌동버스정류장(상),37.4600057,127.1077924,19,19,2025-08-05,0.4
40,대왕판교로11,경기도 성남시 수정구 신촌동 119-2 / 신촌동 쉼터앞,37.4607515,127.1077642,19,19,2025-08-05,0.4
41,대왕판교로12,경기도 성남시 수정구 오야동 226-3 / 신촌동사무소입구(오야동),37.4546619,127.104377,28,28,2025-08-05,0.4
42,대왕판교로13,경기도 성남시 수정구 심곡동 220-12 / 서울공항정문맞은편(추어탕),37.4485237,127.1049605,27,27,2025-08-05,0.4
43,대왕판교로14,경기도 성남시 수정구 심곡동 (한전473-2) / 심곡저수지앞,37.4424137,127.1032866,33,33,2025-08-05,0.4
44,대왕판교로15,경기도 성남시 수정구 고등동 272-1 / 등자리입구(하)버스정류장쉘타뒤,37.4301857,127.0881739,33,33,2025-08-05,0.4
45,대왕판교로16,경기도 성남시 수정구 고등동 583 / 고등동사거리(하)버스정류장,37.4278318,127.1019058,16,16,2025-08-05,0.4
46,대왕판교로17,경기도 성남시 수정구 고등동 608-3 / 고등동분당방향 시흥사거리전,37.4253536,127.1018559,19,20,2025-08-05,0.4
47,대왕판교로18,경기도 성남시 수정구 시흥동 223 / 푸주옥앞,37.4202634,127.1018585,21,21,2025-08-05,0.4
48,대왕판교로19,경기도 성남시 수정구 시흥동 298 / 서울기록관 하행버스정류장,37.4175699,127.0954578,21,27,2025-08-05,0.4
49,대왕판교로2,경기도 성남시 수정구 시흥동 247-3 / 서울기록관 상행 버스정류장,37.4175699,127.0954578,23,23,2025-08-05,0.4
50,대왕판교로20,경기도 성남시 수정구 금토동 273-51 / 금토삼거리,37.4089184,127.0960001,25,26,2025-08-05,0.4
51,대왕판교로3,경기도 성남시 수정구 시흥동 220-4 / 시흥동 체육공원앞,37.4200062,127.1028095,20,21,2025-08-05,0.4
52,대왕판교로4,경기도 성남시 수정구 고등동 166-8 / 고등동주민센터 버스정류장,37.424685,127.102249,19,20,2025-08-05,0.4
53,대왕판교로5,경기도 성남시 수정구 고등동 411-2 / 고등동사거리(상)버스정류장,37.4278318,127.1019058,17,17,2025-08-05,0.4
54,대왕판교로6,경기도 성남시 수정구 고등동 1-15 / 등자리입구(상)버스정류장,37.4350674,127.1037818,35,35,2025-08-05,0.4
55,대왕판교로7,경기도 성남시 수정구 심곡동 202-16 / 심곡저수지맞은편,37.4422664,127.1036779,35,35,2025-08-05,0.4
56,대왕판교로8,경기도 성남시 수정구 심곡동 253-3 / 서울공항정문(상),37.4485237,127.1049605,28,30,2025-08-05,0.4
57,대왕판교로816번길1,경기도 성남시 수정구 시흥동 278-5 / 배수지입구,37.4114934,127.1021499,23,33,2025-08-05,0.4
58,대왕판교로851번길1,경기도 성남시 수정구 시흥동 234-10 / 세종연구소입구(서울기록관),37.4175699,127.0954578,22,35,2025-08-05,0.4
59,대왕판교로879번길1,경기도 성남시 수정구 시흥동 225-25 / 베스트하우스경비실앞,37.418966,127.1013093,10,10,2025-08-05,0.4
60,대왕판교로9,경기도 성남시 수정구 오야동 227-1 / 오야동버스정류장(상),37.4554825,127.1069808,28,28,2025-08-05,0.4
61,대왕판교로915번길1,경기도 성남시 수정구 시흥동 211-37 / 동산마을,37.4221072,127.0998055,21,21,2025-08-05,0.4
62,대왕판교로982번길1,경기도 성남시 수정구 고등동 391-13 / 고등취락지구982번길,37.4289295,127.1040794,10,7,2025-08-05,0.4
63,동판교로1,경기도 성남시 수정구 사송동 331 / 사송교차로(모란방향),37.4116117,127.114044,30,30,2025-08-05,0.4
64,동판교로2,경기도 성남시 수정구 사송동 484-7 / 사송교차로(판교방향),37.4116117,127.114044,35,62,2025-08-05,0.4
65,복정로1,경기도 성남시 수정구 복정동 690-7 / 복정로 제일부동산앞,37.4599522,127.1270589,23,23,2025-08-05,0.4
66,복정로118번길1,경기도 성남시 수정구 복정동 650-9 / 복정도서관,37.4637524,127.1278405,68,69,2025-08-05,0.4
67,복정로2,경기도 성남시 수정구 복정동 682 / 동서울대앞,37.4600972,127.1270149,16,16,2025-08-05,0.4
68,복정로3,경기도 성남시 수정구 복정동 664-16 / 미래공인중개사,37.46211,127.1270729,33,34,2025-08-05,0.4
69,복정로4,경기도 성남시 수정구 복정동 711-4 / 복정로(뚜레쥬르앞),37.4599522,127.1270589,20,20,2025-08-05,0.4
70,복정로72번길1,경기도 성남시 수정구 복정동 692-8맞은편 / 맑은물관리사업소입구,37.4565972,127.1286339,55,55,2025-08-05,0.4
71,복정로84번길1,경기도 성남시 수정구 복정동 608-7맞은편 / 동서울대본관담장,37.4517766,127.1273754,39,39,2025-08-05,0.4
72,분당내곡로1,경기도 성남시 수정구 사송동 판교동 1 / 광장지하차도관리사무소앞,37.397058,127.113044,18,18,2025-08-05,0.4
73,분당내곡로10,경기도 성남시 수정구 사송동 판교동1 / 광장지하차도관리사무소앞,37.397058,127.113044,15,15,2025-08-05,0.4
74,분당내곡로2,경기도 성남시 수정구 시흥동 81-1(한전206-4) / 현대택배,37.4203204,127.1040626,16,17,2025-08-05,0.4
75,분당내곡로3,경기도 성남시 수정구 고등동 605 / 서울용인고속도로밑,37.4266618,127.0967391,38,38,2025-08-05,0.4
76,분당내곡로4,경기도 성남시 수정구 상적동 산37-14 / 상적교진입전,37.4288589,127.0713254,20,20,2025-08-05,0.4
77,분당내곡로5,경기도 성남시 수정구 상적동 산14-7 / 상적교(하행),37.4288589,127.0713254,18,18,2025-08-05,0.4
78,분당내곡로6,경기도 성남시 수정구 고등동 533-2(한전533) / 과속단속카메라앞,37.4256219,127.0947465,27,27,2025-08-05,0.4
79,분당내곡로7,경기도 성남시 수정구 시흥동 209-11 / 시흥지하차도변전실,37.4225546,127.1013782,37,51,2025-08-05,0.4
80,분당내곡로8,경기도 성남시 수정구 시흥동 74-11 / 시흥동,37.4172319,127.1039524,9,9,2025-08-05,0.4
81,분당내곡로9,경기도 성남시 수정구 시흥동 266-5 / 송현지하차도하행입구,37.4113616,127.1054615,8,8,2025-08-05,0.4
82,분당수서로1,경기도 성남시 중원구 여수동 44-1 / 여수육교(상),37.4224873,127.1198979,30,30,2025-08-05,0.4
83,분당수서로2,경기도 성남시 수정구 수진2동 4741-2(한전4741-1) / 단대천교 하부,37.4344444,127.1313889,65,65,2025-08-05,0.4
84,분당수서로3,경기도 성남시 수정구 태평1동 (한전7147) / 가천대앞(송현가스충전소맞은편,37.4400546,127.1281374,26,22,2025-08-05,0.4
85,분당수서로4,경기도 성남시 수정구 복정동 363-1(한전308) / 수질복원센터 정문옆,37.4606787,127.1243947,72,69,2025-08-05,0.4
86,분당수서로5,경기도 성남시 수정구 태평1동 산67-12(한전7147) / 송현가스충전소앞,37.4400546,127.1281374,20,21,2025-08-05,0.4
87,분당수서로6,경기도 성남시 수정구 수진동 4681-1 / 삼정그린뷰맞은편,37.4386641,127.1211536,26,27,2025-08-05,0.4
88,분당수서로7,경기도 성남시 중원구 여수동 43-4 / 여수육교앞(하),37.4223967,127.12104,30,30,2025-08-05,0.4
89,사송로1,경기도 성남시 수정구 사송동 590-7 / 사송로,37.4158882,127.1133092,21,21,2025-08-05,0.4
90,사송로46번길1,경기도 성남시 수정구 사송동 559-2 / 주차장,37.4148463,127.112506,15,16,2025-08-05,0.4
91,산성대로1,경기도 성남시 수정구 양지동 37 / GS25 성남을지점앞,37.4619399,127.1677596,30,42,2025-08-05,0.4
92,산성대로10,경기도 성남시 수정구 수진2동 4511-1(한전4531) / 풍생고정문앞,37.4351369,127.1303195,33,43,2025-08-05,0.4
93,산성대로11,경기도 성남시 수정구 수진2동 4742(한전4758-3) / 분당수서서울진입,37.4336331,127.1224911,37,39,2025-08-05,0.4
94,산성대로12,경기도 성남시 수정구 수진2동 한전4690-7 / 분당수서모란진출입로,37.4368372,127.1263819,34,36,2025-08-05,0.4
95,산성대로2,경기도 성남시 수정구 양지동 212 / 을지대정문,37.4605547,127.165028,33,46,2025-08-05,0.4
96,산성대로3,경기도 성남시 수정구 양지동 877 / 무교동춘천닭갈비,37.4593197,127.1654614,41,58,2025-08-05,0.4
97,산성대로4,경기도 성남시 수정구 단대동 95-3 / 남한산성입구역3번출구,37.4518153,127.1595202,39,76,2025-08-05,0.4
98,산성대로405번길1,경기도 성남시 수정구 단대동 99-3 / 단대푸르지오,37.4496562,127.1581777,18,18,2025-08-05,0.4
99,산성대로405번길2,경기도 성남시 수정구 단대동 164-1 / 공원내,37.4483584,127.1572795,34,31,2025-08-05,0.4
100,산성대로437번길1,경기도 성남시 수정구 단대동 99-1 / 단대휴먼시아,37.4516432,127.1590327,15,15,2025-08-05,0.4
101,산성대로437번길2,경기도 성남시 수정구 단대동 99-3 / 단대푸르지오101동앞,37.4496562,127.1581777,17,17,2025-08-05,0.4
102,산성대로47번길1,경기도 성남시 수정구 수진2동 4763-14 / 5M보안등,37.4342268,127.1246252,6,6,2025-08-05,0.4
103,산성대로5,경기도 성남시 중원구 금광동 4850 / 단대동 중앙분리대,37.4492757,127.1589509,17,34,2025-08-05,0.4
104,산성대로6,경기도 성남시 수정구 신흥2동 2463-4 / 세이브존앞,37.4440042,127.1533393,27,53,2025-08-05,0.4
105,산성대로7,경기도 성남시 수정구 신흥동 2467 / 신흥역3번출구 다이소앞,37.440956,127.147509,23,46,2025-08-05,0.4
106,산성대로8,경기도 성남시 수정구 신흥동 4225-1 / 하이마트앞,37.439456,127.1437687,26,49,2025-08-05,0.4
107,산성대로9,경기도 성남시 수정구 수진1동 2225-1 / 이단도로(오토바이센타앞,37.437462,127.1414,37,52,2025-08-05,0.4
108,산성터널,경기도 광주시 남한산성면 산성리 1152-1 / 산성터널입구(광주),37.4745154,127.1814924,12,12,2025-08-05,0.4
109,설개로1,경기도 성남시 수정구 사송동 542 / 곰두리슈퍼앞,37.4156569,127.1110185,20,20,2025-08-05,0.4
110,설개로2,경기도 성남시 수정구 시흥동 47-12 / 시흥교옆,37.4213047,127.1059356,16,16,2025-08-05,0.4
111,설개로2번길1,경기도 성남시 수정구 시흥동 87-9 / 놀이터앞,37.4214014,127.1045913,7,7,2025-08-05,0.4
112,성남대로1,경기도 성남시 수정구 수진2동 4532(한전452) / 벨라지오웨딩하우스앞,37.4344426,127.1292085,17,34,2025-08-05,0.4
113,성남대로10,경기도 성남시 수정구 복정동 444-3 / 동서울대맞은편 버스정류장,37.4603195,127.1256132,23,46,2025-08-05,0.4
114,성남대로11,경기도 성남시 수정구 복정동 467-8 / 맑은물관리사업소입구맞은편,37.4566564,127.1258488,22,44,2025-08-05,0.4
115,성남대로12,경기도 성남시 수정구 복정동 611-14 / 가천대학맞은편,37.4513478,127.1263535,27,53,2025-08-05,0.4
116,성남대로13(성남로4),경기도 성남시 수정구 태평1동 6795 / 태평고개(온누리 한솔약국,37.44422,127.12811,28,56,2025-08-05,0.4
117,성남대로1390번길1,경기도 성남시 수정구 복정동 704-4 맞은편 / CU 복정으뜸점앞,37.4540177,127.1297521,64,64,2025-08-05,0.4
118,성남대로14,경기도 성남시 수정구 수진동 4538-6 / 태평역5번출구,37.4391153,127.1276317,23,46,2025-08-05,0.4
119,성남대로1518번길1,경기도 성남시 수정구 복정동 646-3 / 서울국제학교정문맞은편,37.466072,127.1290767,29,31,2025-08-05,0.4
120,성남대로1542번길1,경기도 성남시 수정구 복정동 639-9 /,37.4669151,127.1287567,32,32,2025-08-05,0.4
121,성남대로1542번길2,경기도 성남시 수정구 복정동 637-13 / 국제학교커브,37.4670733,127.129256,48,62,2025-08-05,0.4
122,성남대로2,경기도 성남시 수정구 태평1동 6513(한전6512-1) / 태평역1번출구,37.439854,127.128035,21,41,2025-08-05,0.4
123,성남대로3,경기도 성남시 수정구 태평동 5118 / 한우리교회앞,37.4471852,127.1273392,23,46,2025-08-05,0.4
124,성남대로4,경기도 성남시 수정구 태평동 5113-9 / 경원프라자앞,37.4486662,127.1270124,15,30,2025-08-05,0.4
125,성남대로5,경기도 성남시 수정구 복정동 712 / 가천대~동서울대,37.4544115,127.1269081,11,22,2025-08-05,0.4
126,성남대로6,경기도 성남시 수정구 복정동 / 제5공영주차장,37.4600037,127.1332905,15,29,2025-08-05,0.4
127,성남대로7,경기도 성남시 수정구 복정동 661 / 바닥분수공원앞,37.4635811,127.1266716,17,34,2025-08-05,0.4
128,성남대로8,경기도 성남시 수정구 복정동 643-3 / 명인만두(복정이발관앞,37.4658871,127.1267296,16,32,2025-08-05,0.4
129,성남대로9,경기도 성남시 수정구 복정동 277-2(한전268-10) / 플라워사랑앞,37.4654123,127.1259819,17,34,2025-08-05,0.4
130,송현지하차도(상)1,경기도 성남시 수정구 시흥동 266-9 /,37.4118866,127.1044955,0,0,2025-08-05,0.4
131,송현지하차도(하)2,경기도 성남시 수정구 시흥동 266-9 /,37.4118866,127.1044955,0,0,2025-08-05,0.4
132,수정로1,경기도 성남시 수정구 수진2동 2935 / 토프레소앞,37.4376842,127.1403499,9,16,2025-08-05,0.4
133,수정로10,경기도 성남시 수정구 양지동 14 /,37.4635831,127.1688634,23,23,2025-08-05,0.4
134,수정로11,경기도 성남시 수정구 양지동 923-1 / 산성공원입구,37.464318,127.1703527,27,27,2025-08-05,0.4
135,수정로12,경기도 성남시 수정구 양지동 996-2 / 양지공원앞,37.4636896,127.1635932,60,60,2025-08-05,0.4
136,수정로13,경기도 성남시 수정구 산성동 2229 / 수정로 창곡중 맞은편,37.4605509,127.1525111,18,18,2025-08-05,0.4
137,수정로14,경기도 성남시 수정구 신흥2동 8 / 포레스티아 동문앞,37.4527808,127.1464839,11,17,2025-08-05,0.4
138,수정로15,경기도 성남시 수정구 신흥2동 33 / 아이디헤어,37.4486547,127.1490016,18,36,2025-08-05,0.4
139,수정로16,경기도 성남시 수정구 태평4동 7339-5 / 할매순대국,37.4445817,127.1431878,9,16,2025-08-05,0.4
140,수정로17,경기도 성남시 수정구 태평2동 7288-16 / 지우병원,37.4436896,127.1401743,12,18,2025-08-05,0.4
141,수정로18,경기도 성남시 수정구 태평2동 3408 / 하나은행앞,37.4431623,127.1385604,19,20,2025-08-05,0.4
142,수정로19,경기도 성남시 수정구 태평3동 3681 / 중앙시장앞,37.4413088,127.1320768,9,16,2025-08-05,0.4
143,수정로2,경기도 성남시 수정구 수진2동 2935 / 토프레소앞,37.4376842,127.1403499,9,16,2025-08-05,0.4
144,수정로20,경기도 성남시 수정구 태평1동 6452 / 곽생로산부인과,37.4442481,127.1251037,8,14,2025-08-05,0.4
145,수정로21,경기도 성남시 수정구 태평1동 7268-4 / 태기산(삼부아파트맞은편,37.439398,127.125556,39,60,2025-08-05,0.4
146,수정로3,경기도 성남시 수정구 신흥1동 5529 / 빠리바게트(신협앞),37.4403354,127.1449957,16,16,2025-08-05,0.4
147,수정로306번길1,경기도 성남시 수정구 신흥2동 944 / 산성역자이푸르지오 2단지 Gate2,37.4486547,127.1490016,15,30,2025-08-05,0.4
148,수정로306번길2,경기도 성남시 수정구 신흥2동 2023-3 /,37.4486547,127.1490016,6,18,2025-08-05,0.4
149,수정로306번길3,경기도 성남시 수정구 신흥2동 187 /,37.4486547,127.1490016,19,38,2025-08-05,0.4
150,수정로4,경기도 성남시 수정구 신흥3동 3435 / 보건소앞,37.4429684,127.1465169,9,16,2025-08-05,0.4
151,수정로456번길1,경기도 성남시 수정구 산성동 산5 / 산성실내배드민턴장옆,37.4613652,127.155538,9,9,2025-08-05,0.4
152,수정로466번길1,경기도 성남시 수정구 양지동 985 / 테니스장앞,37.4625111,127.1621344,9,9,2025-08-05,0.4
153,수정로5,경기도 성남시 수정구 신흥2동 2023-1 /,37.4486547,127.1490016,19,37,2025-08-05,0.4
154,수정로6,경기도 성남시 수정구 산성동 2124 / 신하주차장앞,37.453009,127.1498739,14,21,2025-08-05,0.4
155,수정로7,경기도 성남시 수정구 산성동 3 / 창곡중학교앞,37.4605509,127.1525111,33,35,2025-08-05,0.4
156,수정로8,경기도 성남시 수정구 양지동 996-2 /,37.4632304,127.1612137,40,40,2025-08-05,0.4
157,수정로9,경기도 성남시 수정구 양지동 979-11 /,37.462386,127.1645032,51,51,2025-08-05,0.4
158,숲풍지하차도,경기도 성남시 수정구 사송동 339 / 숲풍지하차도모란방향 출구부,37.4088899,127.1150995,0,168,2025-08-05,0.4
159,시민로1,경기도 성남시 수정구 신흥동 4225-1 / 신흥사거리,37.439456,127.1437687,25,23,2025-08-05,0.4
160,시민로175번길1,경기도 성남시 수정구 신흥동 5530 / 바닥경관조명,37.4425244,127.138516,25,2,2025-08-05,0.4
161,시민로175번길2,경기도 성남시 수정구 신흥동 5481 / (바닥경관조명),37.4430328,127.1411768,50,50,2025-08-05,0.4
162,시민로215번길1,경기도 성남시 수정구 태평4동 7289-1 / 금빛초교뒤 쪽문,37.4473578,127.1402349,11,11,2025-08-05,0.4
163,시흥지하차도터널등,경기도 성남시 수정구 시흥동 209-27 / 시흥지하차도 변전실,37.4225546,127.1013782,16,16,2025-08-05,0.4
164,시흥천1,경기도 성남시 수정구 시흥동 82-10 / 시흥5교,37.420652,127.1044066,24,24,2025-08-05,0.4
165,시흥천2,경기도 성남시 수정구 시흥동 4-6 / 하나농원옆,37.425574,127.1107194,27,27,2025-08-05,0.4
166,시흥천3,경기도 성남시 수정구 시흥동 119-2 /,37.4256418,127.1107555,27,27,2025-08-05,0.4
167,심곡로1,경기도 성남시 수정구 심곡동 343 / 201204,37.450448,127.1010876,14,14,2025-08-05,0.4
168,여수대로1,경기도 성남시 수정구 시흥동 28-12 / 서울방향,37.4225336,127.1121886,25,25,2025-08-05,0.4
169,여수대로2,경기도 성남시 수정구 시흥동 92-4 / 시흥동주민센터맞은편,37.422432,127.1087665,13,13,2025-08-05,0.4
170,여수대로3,경기도 성남시 수정구 시흥동 86-24 / 메르세데스벤츠,37.4222803,127.1066524,13,17,2025-08-05,0.4
171,여수대로4,경기도 성남시 수정구 사송동 657-9 / 서울화훼가든앞,37.4217413,127.1128724,13,13,2025-08-05,0.4
172,여수대로56번길1,경기도 성남시 수정구 시흥동 17-22 / 시흥동행정복지센터,37.4218503,127.1080574,22,22,2025-08-05,0.4
173,영장산터널,경기도 성남시 수정구 태평동 1 /,37.4471832,127.1363618,20,20,2025-08-05,0.4
174,영장산터널(터널등),경기도 성남시 수정구 복정동 494 / 영장터널 변전실,37.4569478,127.1381652,20,20,2025-08-05,0.4
175,옛골로1,경기도 성남시 수정구 상적동 332-1(한전332) / 상적제일경로당앞(옛골경로당),37.4288589,127.0713254,8,8,2025-08-05,0.4
176,위례광장로1,경기도 성남시 수정구 위례동 92-1 / 보미리즌빌103동앞,37.471769,127.140825,51,51,2025-08-05,0.4
177,위례광장로2,경기도 성남시 수정구 창곡동 546-5 / KB국민은행 우남역,37.4674155,127.1400705,41,41,2025-08-05,0.4
178,위례광장로3,경기도 성남시 수정구 창곡동 547-2 / 위례광장로,37.4695648,127.1414574,41,42,2025-08-05,0.4
179,위례광장로4,경기도 성남시 수정구 창곡동 561 / 위례광장로,37.4695648,127.1414574,29,31,2025-08-05,0.4
180,위례대로1,경기도 성남시 수정구 창곡동 572-1 / 힐스테이트사거리,37.4658475,127.1433313,69,69,2025-08-05,0.4
181,위례대로2,경기도 성남시 수정구 창곡동 527 / 창말사거리 상행,37.4694708,127.14728,45,48,2025-08-05,0.4
182,위례대로3,경기도 성남시 수정구 창곡동 510-5 / 창말사거리 하행,37.4714382,127.1467924,46,46,2025-08-05,0.4
183,위례대로육교1(위례육교01),경기도 성남시 수정구 창곡동 510-5 /,37.4714382,127.1467924,2,2,2025-08-05,0.4
184,위례동로1,경기도 성남시 수정구 창곡동 578 / 힐스테이트 위례정문맞은편,37.4645964,127.1442487,68,68,2025-08-05,0.4
185,위례동로2,경기도 성남시 수정구 창곡동 573 / 위례동주민센터맞은편,37.4691105,127.1501935,62,62,2025-08-05,0.4
186,위례동로3,경기도 성남시 수정구 창곡동 514-5 / 위례신성위캐슬타워,37.4722783,127.1500702,9,18,2025-08-05,0.4
187,위례동로4,경기도 성남시 수정구 위례동 194-1 / 위례푸른초교사거리,37.4704957,127.1509971,65,65,2025-08-05,0.4
188,위례동이로1,경기도 성남시 수정구 창곡동 578 / 위례동이로,37.4662245,127.1535716,10,10,2025-08-05,0.4
189,위례서로1(위례13),경기도 성남시 수정구 창곡동 557-3 / 위례서일로마을,37.466583,127.140195,41,41,2025-08-05,0.4
190,위례서로2,경기도 성남시 수정구 창곡동 537-1 / 위례서로,37.4675681,127.1361156,46,46,2025-08-05,0.4
191,위례서로3,경기도 성남시 수정구 창곡동 504-7 / 위례중앙중학교사거리 육교밑,37.4717762,127.1382002,39,41,2025-08-05,0.4
192,위례서로육교1(위례육교03),경기도 성남시 수정구 창곡동 500-4 /,37.4724426,127.1366995,32,32,2025-08-05,0.4
193,위례서일로1길1,경기도 성남시 수정구 창곡동 550 / 하나공인중개사,37.4658547,127.1373329,56,56,2025-08-05,0.4
194,위례서일로3길1,경기도 성남시 수정구 창곡동 547-13 / 365부동산,37.4653055,127.1386433,30,30,2025-08-05,0.4
195,위례서일로3길2,경기도 성남시 수정구 창곡동 544-10 / 돌배기집,37.467286,127.1385983,41,41,2025-08-05,0.4
196,위례순환로1,경기도 성남시 수정구 창곡동 515-2 / 위례센트럴 푸르지오,37.4709961,127.1531762,72,72,2025-08-05,0.4
197,위례순환로2,경기도 성남시 수정구 창곡동 508-2 / 위례순환로 복지센터앞,37.4711812,127.1444562,48,64,2025-08-05,0.4
198,위례순환로3,경기도 성남시 수정구 창곡동 504-7 / 위례순환로,37.4711812,127.1444562,30,31,2025-08-05,0.4
199,위례순환로4,경기도 성남시 수정구 창곡동 46-14 / 위례순환로,37.4711812,127.1444562,32,32,2025-08-05,0.4
200,위례순환로4길1,경기도 성남시 수정구 창곡동 527 / 위례새초롱유치원,37.4694708,127.14728,16,16,2025-08-05,0.4
201,위례순환로육교1(위례육교02),경기도 성남시 수정구 창곡동 528-1 /,37.4698107,127.1458455,2,2,2025-08-05,0.4
202,위례순환로육교2(위례육교04),경기도 성남시 수정구 창곡동 531-1 /,37.4700693,127.1372692,2,2,2025-08-05,0.4
203,위례한빛로1,경기도 성남시 수정구 창곡동 585-5 / 위례한빛초교맞은편,37.4649642,127.1484242,29,29,2025-08-05,0.4
204,위례한빛로2,경기도 성남시 수정구 창곡동 585 / 단독주택단지,37.4650288,127.14862,45,45,2025-08-05,0.4
205,적푸리로35번길1,경기도 성남시 수정구 상적동 47-1 / 적푸리35번길,37.4346825,127.0855067,14,14,2025-08-05,0.4
206,제일로1,경기도 성남시 수정구 수진1동 1294 / 동성교회맞은편(진아네사철탕,37.4369878,127.1333439,15,16,2025-08-05,0.4
207,제일로2,경기도 성남시 수정구 태평3동 3737 / 굿모닝하우스앞,37.4455464,127.1328579,11,20,2025-08-05,0.4
208,제일로3,경기도 성남시 수정구 태평3동 4312-4 / 동부자동차공업사앞,37.4455464,127.1328579,13,26,2025-08-05,0.4
209,제일로4,경기도 성남시 수정구 태평1동 5140 / 태평중학교앞,37.4468819,127.1286108,13,25,2025-08-05,0.4
210,제일로5,경기도 성남시 수정구 태평1동 6410 / 남다른감자탕앞,37.4442481,127.1251037,11,19,2025-08-05,0.4
211,제일로6,경기도 성남시 수정구 수진동 4808 / 동성교회앞,37.4369878,127.1333439,14,15,2025-08-05,0.4
212,창곡3교1,경기도 성남시 수정구 창곡동 536 / 창곡3교,37.4659767,127.143579,2,2,2025-08-05,0.4
213,창곡4교1,경기도 성남시 수정구 창곡동 504-6 /,37.4717732,127.1406719,4,4,2025-08-05,0.4
214,창곡5교1,경기도 성남시 수정구 창곡동 521-3 /,37.4686089,127.1436076,2,2,2025-08-05,0.4
215,창곡6교1,경기도 성남시 수정구 창곡동 521-1 /,37.4687155,127.1509136,2,2,2025-08-05,0.4
216,창곡천,경기도 성남시 수정구 복정동 259-3 / 복정교,37.4686134,127.1265562,11,11,2025-08-05,0.4
217,창업로1,경기도 성남시 수정구 시흥동 293-48,37.4089262,127.0943911,9,12,2025-08-05,0.4
218,창업로2,경기도 성남시 수정구 시흥동 268-1,37.4110667,127.0954466,16,20,2025-08-05,0.4
219,창업로3,경기도 성남시 수정구 시흥동 292-3 /,37.4121518,127.0956738,11,20,2025-08-05,0.4
220,창업로4,경기도 성남시 수정구 시흥동 292-3 /,37.4121518,127.0956738,24,39,2025-08-05,0.4
221,창업로5,경기도 성남시 수정구 시흥동 산51-2 /,37.4117519,127.0933787,16,23,2025-08-05,0.4
222,창업로6,경기도 성남시 수정구 시흥동 산51-6 /,37.409307,127.0943437,8,10,2025-08-05,0.4
223,청계산로1,경기도 성남시 수정구 고등동 604 / 고등지구,37.4267381,127.0950413,30,39,2025-08-05,0.4
224,청계산로2,경기도 성남시 수정구 고등동 600-1 / 고등지구,37.425809,127.0993891,27,42,2025-08-05,0.4
225,청계산로3,경기도 성남시 수정구 고등동 605-6 / 고등지구,37.4260861,127.0984648,22,38,2025-08-05,0.4
226,청계산로4,경기도 성남시 수정구 고등동 600 / 고등지구,37.4277612,127.0938643,46,55,2025-08-05,0.4
227,청계산로5,경기도 성남시 수정구 상적동 94-4 / 적푸리 느티나무앞,37.4336099,127.0851579,66,67,2025-08-05,0.4
228,청계산로5길1,경기도 성남시 수정구 고등동 607-7 / 고등지구,37.4249797,127.1009082,47,52,2025-08-05,0.4
229,청계산로6,경기도 성남시 수정구 상적동 산9-15(한전 산9-7) / 상적2교앞,37.4302477,127.0769915,51,51,2025-08-05,0.4
230,탄리로1,경기도 성남시 수정구 태평3동 4913 / 이루는 교회앞,37.4455464,127.1328579,15,30,2025-08-05,0.4
231,탄리로2,경기도 성남시 수정구 태평3동 3546 / 감미옥앞,37.4437749,127.1352077,17,31,2025-08-05,0.4
232,탄리로3,경기도 성남시 수정구 수진1동 664-2 / 성체유치원앞,37.439026,127.137444,23,41,2025-08-05,0.4
233,탄천대교로1,경기도 성남시 수정구 복정동 산71-12 /,37.4577064,127.1202069,11,11,2025-08-05,0.4
234,탄천로1,경기도 성남시 수정구 사송동 598-1(한전521-11) / 탄천로입구교차로(상),37.4186387,127.1175712,26,29,2025-08-05,0.4
235,탄천로2,경기도 성남시 수정구 사송동 651(한전652-3) / 여수대교앞,37.4220549,127.1166823,35,36,2025-08-05,0.4
236,탄천로3,경기도 성남시 수정구 수진2동 4733(한전4690-7) / 수진정수장앞,37.4360216,127.1253498,56,56,2025-08-05,0.4
237,탄천로4,경기도 성남시 수정구 수진2동 4690-18 / 삼정그린뷰,37.4386641,127.1211536,30,33,2025-08-05,0.4
238,탄천로5,경기도 성남시 수정구 태평1동 7286-3 / 밀레니엄공원,37.4442481,127.1251037,32,34,2025-08-05,0.4
239,탄천로6,경기도 성남시 수정구 태평1동 6990-4 / 성남시폐기물종합처리장,37.4442481,127.1251037,48,48,2025-08-05,0.4
240,탄천로7,경기도 성남시 수정구 복정동 353-1 / 수질복원센터,37.4594947,127.1220935,43,49,2025-08-05,0.4
241,탄천로8,경기도 성남시 수정구 태평1동 7044-2 / 탄천물놀이장앞,37.4438889,127.12,58,58,2025-08-05,0.4
242,탄천로9,경기도 성남시 수정구 수진2동 (한전:성남동1759) / 수진정수장 맞은편,37.4360216,127.1253498,78,78,2025-08-05,0.4
243,태평로1,경기도 성남시 수정구 태평동 7342 / 쌍용아파트입구,37.4485308,127.1278597,5,10,2025-08-05,0.4
244,태평로2,경기도 성남시 수정구 태평동 1 / 봉국사앞 두산위브아파트,37.4471832,127.1363618,34,34,2025-08-05,0.4
245,태평로3,경기도 성남시 수정구 태평4동 217 / 현충탑앞도로,37.4479931,127.1409416,14,28,2025-08-05,0.4
246,태평지하차도1,경기도 성남시 수정구 태평동 7129-7 / 분당수서간서울방향터널지나,37.4454581,127.1242385,16,16,2025-08-05,0.4
247,태평지하차도2,경기도 성남시 수정구 태평동 산3-25 / 분당수서간서울방향터널지나,37.4474226,127.1252967,8,8,2025-08-05,0.4
248,헌릉로1,경기도 성남시 수정구 창곡동 534-7 / 헌릉로,37.4619388,127.142315,38,39,2025-08-05,0.4
249,헌릉로2,경기도 성남시 수정구 창곡동 566-3 / 창곡교차로,37.4659767,127.143579,48,44,2025-08-05,0.4
250,헌릉로3,경기도 성남시 수정구 창곡동 535-4 / 올스타마트앞,37.465752,127.1364267,52,54,2025-08-05,0.4
251,헌릉로4,경기도 성남시 수정구 창곡동 499-25,37.4682719,127.1340333,38,38,2025-08-05,0.4
252,헌릉로5,경기도 성남시 수정구 창곡동 499-320,37.4676322,127.132683,11,13,2025-08-05,0.4
253,헌릉로6,경기도 성남시 수정구 창곡동 534-7 / 헌릉로,37.4619388,127.142315,38,38,2025-08-05,0.4
254,헌릉로7,경기도 성남시 수정구 창곡동 601,37.4677724,127.1470056,11,13,2025-08-05,0.4
255,희망로1,경기도 성남시 수정구 단대동 189 / 성남서중앞,37.4486913,127.1546501,22,37,2025-08-05,0.4
256,희망로2,경기도 성남시 수정구 신흥동 465-2 / 희망대가압장맞은편,37.4499966,127.1528724,17,33,2025-08-05,0.4
257,희망로3,경기도 성남시 수정구 신흥2동 2456-1 / 1공단근린공원주변,37.4486547,127.1490016,27,48,2025-08-05,0.4
258,희망로466번길1,경기도 성남시 수정구 단대동 182 /,37.4468442,127.1559269,33,33,2025-08-05,0.4
259,희망로533번길1,경기도 성남시 수정구 신흥2동 466 /,37.4486547,127.1490016,15,30,2025-08-05,0.4
260,희망로533번길2,경기도 성남시 수정구 신흥동 264 /,37.4498906,127.1504414,26,24,2025-08-05,0.4
261,희망로533번길3,경기도 성남시 수정구 신흥2동 1227 /,37.4486547,127.1490016,15,30,2025-08-05,0.4
262,001(산성대로),경기도 성남시 중원구 성남동 1730,37.43264,127.1234698,12,12,2025-08-05,0.4
263,002(산성대로),경기도 성남시 중원구 성남동 4860,37.43267,127.1247751,52,64,2025-08-05,0.4
264,003(산성대로),경기도 성남시 중원구 성남동 1576,37.4333546,127.128444,38,38,2025-08-05,0.4
265,004(산성대로),경기도 성남시 중원구 성남동 3169,37.43382,127.1319284,20,21,2025-08-05,0.4
266,005(산성대로),경기도 성남시 중원구 성남동 1315,37.4371972,127.1403032,19,38,2025-08-05,0.4
267,006(산성대로),경기도 성남시 중원구 성남동 1404,37.4353385,127.1385133,51,52,2025-08-05,0.4
268,007(산성대로),경기도 성남시 중원구 성남동 2062,37.438723,127.1438216,21,25,2025-08-05,0.4
269,008(산성대로),경기도 성남시 중원구 중앙동 1205,37.4394039,127.1449036,19,25,2025-08-05,0.4
270,009(산성대로),경기도 성남시 수정구 신흥3동 6949,37.4429684,127.1465169,15,30,2025-08-05,0.4
271,010(산성대로),경기도 성남시 중원구 중앙동 249,37.4430213,127.1536988,25,32,2025-08-05,0.4
272,011(산성대로),경기도 성남시 중원구 금광동 4394,37.4457308,127.1578003,8,14,2025-08-05,0.4
273,012(산성대로),경기도 성남시 중원구 금광2동 4699,37.4516463,127.1602893,22,30,2025-08-05,0.4
274,013(산성대로),경기도 성남시 중원구 은행2동 422-4,37.4607411,127.1707935,23,37,2025-08-05,0.4
275,014(산성대로),경기도 성남시 중원구 은행2동 670,37.4607411,127.1707935,35,37,2025-08-05,0.4
276,015(광명로),경기도 성남시 중원구 성남동 3178,37.4335944,127.1321525,18,18,2025-08-05,0.4
277,016(광명로),경기도 성남시 중원구 성남동 3287,37.4334228,127.1335867,14,14,2025-08-05,0.4
278,017(광명로),경기도 성남시 중원구 성남동 2201,37.4358089,127.1398024,28,28,2025-08-05,0.4
279,018(광명로),경기도 성남시 중원구 성남동 2616,37.4372744,127.143503,18,18,2025-08-05,0.4
280,019(광명로),경기도 성남시 중원구 중앙동 955,37.440103,127.148719,21,26,2025-08-05,0.4
281,020(광명로),경기도 성남시 중원구 중앙동 2737,37.4395032,127.1480746,86,88,2025-08-05,0.4
282,021(광명로),경기도 성남시 중원구 중앙동 285,37.4426249,127.1544163,13,16,2025-08-05,0.4
283,022(광명로),경기도 성남시 중원구 중앙동 2009-1,37.4429069,127.1557597,5,5,2025-08-05,0.4
284,023(광명로),경기도 성남시 중원구 금광2동 3697,37.4456474,127.1624157,28,28,2025-08-05,0.4
285,024(광명로),경기도 성남시 중원구 금광1동 1353,37.4441019,127.1650396,26,26,2025-08-05,0.4
286,025(광명로),경기도 성남시 중원구 금광2동 2592,37.4490303,127.1641597,18,29,2025-08-05,0.4
287,026(광명로),경기도 성남시 중원구 금광동 4862,37.4475619,127.1713466,17,26,2025-08-05,0.4
288,027(금상로),경기도 성남시 중원구 금광1동 638,37.4441019,127.1650396,41,41,2025-08-05,0.4
289,028(금빛로2번길),경기도 성남시 중원구 금광1동 2449-1,37.4441019,127.1650396,37,41,2025-08-05,0.4
290,029(둔촌대로),경기도 성남시 중원구 성남동 3960,37.4291732,127.1342941,22,27,2025-08-05,0.4
291,030(둔촌대로),경기도 성남시 중원구 하대원동 104-5,37.4287076,127.1345859,14,14,2025-08-05,0.4
292,031(둔촌대로),경기도 성남시 중원구 성남동 3125,37.4298458,127.1390311,13,17,2025-08-05,0.4
293,032(둔촌대로),경기도 성남시 중원구 하대원동 111-7,37.4290969,127.1389169,8,9,2025-08-05,0.4
294,033(둔촌대로),경기도 성남시 중원구 하대원동 312,37.4290128,127.1474934,13,26,2025-08-05,0.4
295,034(둔촌대로),경기도 성남시 중원구 하대원동 153,37.4279836,127.1476806,59,62,2025-08-05,0.4
296,035(둔촌대로),경기도 성남시 중원구 하대원동 129-14,37.4293128,127.1475035,51,50,2025-08-05,0.4
297,036(마지로),경기도 성남시 중원구 하대원동 418-5,37.4274126,127.1419427,12,12,2025-08-05,0.4
298,037(둔촌대로),경기도 성남시 중원구 상대원1동 5439-3,37.4369365,127.1750282,14,14,2025-08-05,0.4
299,038(둔촌대로),경기도 성남시 중원구 상대원1동 1967,37.4369365,127.1750282,25,40,2025-08-05,0.4
300,039(둔촌대로),경기도 성남시 중원구 상대원동 344-3,37.4331669,127.1754469,37,2,2025-08-05,0.4
301,040(둔촌대로),경기도 성남시 중원구 상대원1동 513-6,37.4369365,127.1750282,43,43,2025-08-05,0.4
302,041(마지로),경기도 성남시 중원구 하대원동 103-22,37.4283915,127.1335762,18,18,2025-08-05,0.4
303,042(마지로),경기도 성남시 중원구 하대원동 26,37.4279863,127.1361107,18,30,2025-08-05,0.4
304,043(마지로),경기도 성남시 중원구 도촌동 1-12,37.4235019,127.1533985,21,22,2025-08-05,0.4
305,044(마지로),경기도 성남시 중원구 갈현동 277-2,37.4223478,127.1716081,17,17,2025-08-05,0.4
306,045(경충대로),경기도 성남시 중원구 갈현동 274-5,37.422574,127.1731688,58,59,2025-08-05,0.4
307,046(순암로),경기도 성남시 중원구 갈현동 103-10,37.4208799,127.1852566,23,23,2025-08-05,0.4
308,047(8호광장),경기도 성남시 중원구 성남동 1951-1,37.4275671,127.1274806,17,17,2025-08-05,0.4
309,048(8호광장),경기도 성남시 중원구 성남동 1955,37.4273195,127.1281361,52,54,2025-08-05,0.4
310,049(8호광장),경기도 성남시 중원구 하대원동 21,37.4278309,127.130701,49,50,2025-08-05,0.4
311,050(8호광장),경기도 성남시 중원구 하대원동 506,37.4273974,127.1305425,33,35,2025-08-05,0.4
312,051(7호광장),경기도 성남시 중원구 하대원동 455,37.4273299,127.1369958,15,15,2025-08-05,0.4
313,052(7호광장),경기도 성남시 중원구 하대원동 29,37.4275899,127.1390456,13,13,2025-08-05,0.4
314,053(7호광장),경기도 성남시 중원구 하대원동 458-1,37.4261259,127.1383903,22,22,2025-08-05,0.4
315,054(7호광장),경기도 성남시 중원구 하대원동 458-1,37.4261259,127.1383903,21,21,2025-08-05,0.4
316,055(경충대로),경기도 성남시 중원구 하대원동 308-3,37.4249399,127.1510548,20,20,2025-08-05,0.4
317,056(경충대로),경기도 성남시 중원구 하대원동 305-9,37.4254116,127.1504352,20,20,2025-08-05,0.4
318,057(경충대로),경기도 성남시 중원구 갈현동 349-6,37.422273,127.1672245,8,8,2025-08-05,0.4
319,058(여수대로),경기도 성남시 중원구 여수동 1-16,37.4221334,127.1201456,31,31,2025-08-05,0.4
320,059(여수대로),경기도 성남시 중원구 여수동 126,37.4211393,127.1222843,47,47,2025-08-05,0.4
321,060(둔촌대로),경기도 성남시 중원구 성남동 1763,37.4301419,127.118927,78,80,2025-08-05,0.4
322,061(시민로90번길),경기도 성남시 중원구 중앙동 578,37.4368266,127.1499019,24,24,2025-08-05,0.4
323,062(시민로),경기도 성남시 중원구 중앙동 577,37.436153,127.1482853,29,29,2025-08-05,0.4
324,063(성남대로),경기도 성남시 중원구 성남동 1575,37.4311608,127.1292007,13,13,2025-08-05,0.4
325,064(성남대로),경기도 성남시 중원구 성남동 3495,37.4318111,127.1295819,9,9,2025-08-05,0.4
326,065(성남대로),경기도 성남시 중원구 여수동 398,37.4190991,127.1287995,22,28,2025-08-05,0.4
327,066(성남대로),경기도 성남시 중원구 여수동 259,37.4229396,127.1293455,20,32,2025-08-05,0.4
328,067(성남대로),경기도 성남시 중원구 여수동 254-4,37.4218961,127.1284848,22,22,2025-08-05,0.4
329,068(순암로),경기도 성남시 중원구 갈현동 127,37.4215787,127.1827915,26,4,2025-08-05,0.4
330,069(제일로),경기도 성남시 중원구 성남동 3301,37.4329895,127.1351427,25,19,2025-08-05,0.4
331,070(제일로),경기도 성남시 중원구 성남동 3786,37.4305131,127.1364287,15,15,2025-08-05,0.4
332,071(돌마로),경기도 성남시 중원구 여수동 414-8,37.4238372,127.1379858,22,24,2025-08-05,0.4
333,072(돌마로),경기도 성남시 중원구 여수동 414-1,37.4199804,127.138841,23,24,2025-08-05,0.4
334,073(돌마로),경기도 성남시 중원구 여수동 518-8,37.4170751,127.142077,20,26,2025-08-05,0.4
335,075(원터로),경기도 성남시 중원구 성남동 2876-1,37.4340285,127.143612,10,10,2025-08-05,0.4
336,076(원터로),경기도 성남시 중원구 성남동 2874,37.432792,127.1426468,14,14,2025-08-05,0.4
337,077(원터로38번길),경기도 성남시 중원구 하대원동 115-20,37.4299124,127.1452615,7,7,2025-08-05,0.4
338,078(시민로11번길),경기도 성남시 중원구 하대원동 368-4,37.4306542,127.1485759,11,11,2025-08-05,0.4
339,079(시민로),경기도 성남시 중원구 성남동 2849,37.4349513,127.1475083,21,34,2025-08-05,0.4
340,080(시민로),경기도 성남시 중원구 중앙동 547,37.4350447,127.1481388,13,25,2025-08-05,0.4
341,081(시민로66번길),경기도 성남시 중원구 중앙동 577,37.436153,127.1482853,23,32,2025-08-05,0.4
342,082(단대고가교),경기도 성남시 수정구 단대동 182,37.4468442,127.1559269,15,15,2025-08-05,0.4
343,083(희망로),경기도 성남시 중원구 상대원2동 2995-31,37.4363235,127.1581545,14,14,2025-08-05,0.4
344,084(희망로),경기도 성남시 중원구 상대원2동 3760,37.4363235,127.1581545,16,16,2025-08-05,0.4
345,085(희망로),경기도 성남시 중원구 상대원3동 2986-24,37.4478223,127.1884751,6,6,2025-08-05,0.4
346,086(희망로),경기도 성남시 중원구 상대원2동 5440-1,37.4363235,127.1581545,18,20,2025-08-05,0.4
347,087(희망로),경기도 성남시 중원구 갈현동 450-6,37.423122,127.1605473,89,92,2025-08-05,0.4
348,088(희망로),경기도 성남시 중원구 도촌동 70-3,37.4200835,127.1557459,21,18,2025-08-05,0.4
349,089(시민로66번길),경기도 성남시 중원구 하대원동 182-5,37.4360239,127.1510233,24,33,2025-08-05,0.4
350,090(여수울로),경기도 성남시 중원구 여수동 649,37.4170932,127.1398031,35,41,2025-08-05,0.4
351,091(자혜로),경기도 성남시 중원구 금광2동 3956,37.4528063,127.1620752,29,31,2025-08-05,0.4
352,092(자혜로),경기도 성남시 중원구 금광2동 3324,37.4502978,127.1639091,24,33,2025-08-05,0.4
353,093(자혜로),경기도 성남시 중원구 은행1동 2453,37.4525774,127.1679522,26,26,2025-08-05,0.4
354,094(금빛로112번길),경기도 성남시 중원구 은행1동 1947-5,37.4525774,127.1679522,8,8,2025-08-05,0.4
355,095(은행로),경기도 성남시 중원구 은행1동 1932,37.4525774,127.1679522,12,12,2025-08-05,0.4
356,096(금빛로),경기도 성남시 중원구 금광2동 2851,37.4505359,127.1661212,15,15,2025-08-05,0.4
357,097(금빛로),경기도 성남시 중원구 금광동 2450-1,37.4442889,127.1699155,9,18,2025-08-05,0.4
358,099(순환로379번길),경기도 성남시 중원구 은행동 109-7,37.4563621,127.1726809,8,10,2025-08-05,0.4
359,100(순환로),경기도 성남시 중원구 은행1동 1944-2,37.4525774,127.1679522,16,16,2025-08-05,0.4
360,101(순환로),경기도 성남시 중원구 상대원1동 산21-4,37.4369365,127.1750282,21,21,2025-08-05,0.4
361,102(순환로),경기도 성남시 중원구 상대원1동 369-3,37.4369365,127.1750282,22,22,2025-08-05,0.4
362,103(순환로),경기도 성남시 중원구 상대원1동 344-8,37.4369365,127.1750282,26,38,2025-08-05,0.4
363,104(순환로),경기도 성남시 중원구 상대원1동 산63-6,37.4369365,127.1750282,15,36,2025-08-05,0.4
364,105(순환로),경기도 성남시 중원구 갈현동 53,37.4254335,127.1811832,31,33,2025-08-05,0.4
365,106(황송로),경기도 성남시 중원구 금광동 4862,37.4475619,127.1713466,11,11,2025-08-05,0.4
366,107(황송로),경기도 성남시 중원구 금광2동 2422,37.4470384,127.172159,21,21,2025-08-05,0.4
367,108(황송로),경기도 성남시 중원구 금광2동 2500,37.4502074,127.172839,26,29,2025-08-05,0.4
368,109(사기막골로),경기도 성남시 중원구 상대원동 137-1,37.4379688,127.1732293,24,24,2025-08-05,0.4
369,110(사기막골로),경기도 성남시 중원구 상대원동 307-8,37.4344514,127.1701716,32,32,2025-08-05,0.4
370,111(사기막골로90번길),경기도 성남시 중원구 상대원1동 223-40,37.4369365,127.1750282,11,7,2025-08-05,0.4
371,112(사기막골로),경기도 성남시 중원구 상대원1동 138-3,37.4369365,127.1750282,34,34,2025-08-05,0.4
372,113(사기막골로),경기도 성남시 중원구 상대원1동 206-4,37.4369365,127.1750282,28,28,2025-08-05,0.4
373,114(사기막골로),경기도 성남시 중원구 상대원1동 69-1,37.4369365,127.1750282,31,43,2025-08-05,0.4
374,115(둔촌대로457번길),경기도 성남시 중원구 상대원1동 517-15,37.4369365,127.1750282,19,19,2025-08-05,0.4
375,116(갈마치로),경기도 성남시 중원구 상대원1동 333-3,37.4369365,127.1750282,37,37,2025-08-05,0.4
376,117(둔촌대로541번길),경기도 성남시 중원구 상대원1동 344-3,37.4369365,127.1750282,28,28,2025-08-05,0.4
377,118(갈마치로),경기도 성남시 중원구 상대원동 252-1,37.4358943,127.173217,12,12,2025-08-05,0.4
378,119(사기막골로9번길),경기도 성남시 중원구 상대원1동 152-1,37.4369365,127.1750282,11,10,2025-08-05,0.4
379,120(사기막골로9번길),경기도 성남시 중원구 상대원1동 152-3,37.4369365,127.1750282,5,5,2025-08-05,0.4
380,121(사기막골로45번길),경기도 성남시 중원구 상대원1동 152-1,37.4369365,127.1750282,12,12,2025-08-05,0.4
381,122(사기막골로),경기도 성남시 중원구 상대원1동 149-1,37.4369365,127.1750282,9,11,2025-08-05,0.4
382,123(금상로),경기도 성남시 중원구 상대원1동 269-10,37.4369365,127.1750282,27,29,2025-08-05,0.4
383,124(사기막골로),경기도 성남시 중원구 상대원1동 141,37.4369365,127.1750282,25,26,2025-08-05,0.4
384,125(이배재로),경기도 성남시 중원구 상대원1동 422-23,37.4369365,127.1750282,13,13,2025-08-05,0.4
385,126(이배재로),경기도 성남시 중원구 상대원1동 414-8,37.4369365,127.1750282,41,41,2025-08-05,0.4
386,127(황송로77번길),경기도 성남시 중원구 금광2동 2627,37.4480287,127.1704973,11,11,2025-08-05,0.4
387,129(산성대로552번길),경기도 성남시 중원구 은행2동 672,37.4607411,127.1707935,7,7,2025-08-05,0.4
388,130(마지로),경기도 성남시 중원구 하대원동 162,37.4268923,127.1468777,8,7,2025-08-05,0.4
389,131(산성대로),경기도 성남시 중원구 은행2동 979,37.4607411,127.1707935,17,17,2025-08-05,0.4
390,132(산성대로),경기도 성남시 중원구 금광2동 4545,37.448943,127.1590828,16,16,2025-08-05,0.4
391,133(갈마치로281번길),경기도 성남시 중원구 상대원1동 272-7,37.4369365,127.1750282,10,10,2025-08-05,0.4
392,134(둔촌대로),경기도 성남시 중원구 상대원1동 534-9,37.4369365,127.1750282,16,16,2025-08-05,0.4
393,135(둔촌대로),경기도 성남시 중원구 상대원1동 462-5,37.4369365,127.1750282,16,17,2025-08-05,0.4
394,136(둔촌대로),경기도 성남시 중원구 하대원동 211-3,37.4308417,127.1553459,45,48,2025-08-05,0.4
395,137(둔촌대로),경기도 성남시 중원구 하대원동 216-15,37.4315866,127.1562229,49,55,2025-08-05,0.4
396,138(광명로),경기도 성남시 중원구 중앙동 710,37.442883,127.1577885,30,32,2025-08-05,0.4
397,139(희망로),경기도 성남시 중원구 중앙동 711,37.4419089,127.1590496,32,32,2025-08-05,0.4
398,140(도촌북로),경기도 성남시 중원구 도촌동 605,37.4169224,127.1511738,39,58,2025-08-05,0.4
399,141(도촌로),경기도 성남시 중원구 도촌동 576,37.4158337,127.150969,62,85,2025-08-05,0.4
400,142(도촌남로),경기도 성남시 중원구 도촌동 701,37.4134806,127.1509381,35,62,2025-08-05,0.4
401,143(도촌남로),경기도 성남시 중원구 도촌동 645,37.414312,127.1552727,48,94,2025-08-05,0.4
402,144(도촌북로),경기도 성남시 중원구 도촌동 662,37.4137327,127.1626465,32,63,2025-08-05,0.4
403,145(도촌남로),경기도 성남시 중원구 도촌동 693,37.4133285,127.1585814,33,66,2025-08-05,0.4
404,146(도촌북로),경기도 성남시 중원구 도촌동 662,37.4137327,127.1626465,28,42,2025-08-05,0.4
405,147(도촌북로),경기도 성남시 중원구 도촌동 659,37.4178417,127.1562962,17,27,2025-08-05,0.4
406,148(희망로),경기도 성남시 중원구 도촌동 413,37.4159647,127.1473753,22,29,2025-08-05,0.4
407,149(희망로),경기도 성남시 중원구 도촌동 65,37.4193417,127.1518761,16,23,2025-08-05,0.4
408,150(희망로),경기도 성남시 중원구 도촌동 505,37.4150813,127.1476696,22,44,2025-08-05,0.4
409,151(희망로),경기도 성남시 중원구 도촌동 667,37.418755,127.1520178,20,33,2025-08-05,0.4
410,152(성남대로997번길),경기도 성남시 중원구 여수동 201,37.4185179,127.1268876,45,70,2025-08-05,0.4
411,153(성남대로997번길),경기도 성남시 중원구 여수동 355,37.4178181,127.1259344,19,18,2025-08-05,0.4
412,154(여수울로),경기도 성남시 중원구 여수동 600,37.417931,127.1314432,41,46,2025-08-05,0.4
413,155(여수울로),경기도 성남시 중원구 여수동 579,37.4184574,127.1343447,75,83,2025-08-05,0.4
414,156(여수울로29번길),경기도 성남시 중원구 여수동 577,37.4193651,127.1331837,64,73,2025-08-05,0.4
415,157(은행로),경기도 성남시 중원구 은행2동 1761-1,37.4607411,127.1707935,34,34,2025-08-05,0.4
416,158(산성대로516번길),경기도 성남시 중원구 은행2동 2494,37.4607411,127.1707935,35,4,2025-08-05,0.4
417,159(은이로),경기도 성남시 중원구 은행2동 2506,37.4607411,127.1707935,42,57,2025-08-05,0.4
418,160(은이로63번길),경기도 성남시 중원구 은행2동 2470,37.4607411,127.1707935,32,32,2025-08-05,0.4
419,161(은이로),경기도 성남시 중원구 은행2동 803,37.4607411,127.1707935,35,35,2025-08-05,0.4
420,162(여수울로),경기도 성남시 중원구 여수동 578,37.4189986,127.1346651,15,15,2025-08-05,0.4
421,163(도촌지하차도),경기도 성남시 중원구 도촌동 54,37.4189053,127.1494763,21,21,2025-08-05,0.4
422,164(공원터널),경기도 성남시 중원구 하대원동 206,37.4319809,127.153419,26,26,2025-08-05,0.4
423,165(대원터널),경기도 성남시 중원구 도촌동 469-1,37.413862,127.159181,8,8,2025-08-05,0.4
424,166(둔촌터널),경기도 성남시 중원구 도촌동 52-5,37.4218091,127.1519429,18,18,2025-08-05,0.4
425,167(황송터널),경기도 성남시 중원구 상대원1동 122-2,37.4369365,127.1750282,31,31,2025-08-05,0.4
426,168(시청옆육교상행),경기도 성남시 중원구 여수동 603,37.420391,127.1325377,12,10,2025-08-05,0.4
427,169(시청옆육교하행),경기도 성남시 중원구 여수동 381,37.4198665,127.1284159,6,4,2025-08-05,0.4
428,170(연꽃로),경기도 성남시 중원구 여수동 618,37.4168631,127.1370577,17,16,2025-08-05,0.4
429,171(둔촌대로),경기도 성남시 중원구 성남동 4944,37.429729,127.1282976,33,62,2025-08-05,0.4
430,172(둔촌대로52번길),경기도 성남시 중원구 성남동 4667-3,37.4313493,127.1327162,45,45,2025-08-05,0.4
431,173(둔촌대로63번길),경기도 성남시 중원구 성남동 1837-1,37.4298976,127.1261949,27,51,2025-08-05,0.4
432,174(여수대로),경기도 성남시 중원구 여수동 136-7,37.4213798,127.1266908,29,37,2025-08-05,0.4
433,175(3번국도),경기도 성남시 중원구 갈현동 521-3,37.4198726,127.1561162,46,46,2025-08-05,0.4
434,176(3번국도),경기도 성남시 중원구 도촌동 3-1,37.4223443,127.1538327,38,38,2025-08-05,0.4
435,177(3번국도),경기도 성남시 중원구 도촌동 1-2,37.4235792,127.1516311,30,30,2025-08-05,0.4
436,178(여수터널굴다리),경기도 성남시 중원구 하대원동 409-4,37.4256489,127.1429678,8,9,2025-08-05,0.4
437,179(순환로),경기도 성남시 중원구 상대원동 471-3,37.4274029,127.1797184,40,40,2025-08-05,0.4
438,180(상대원터널),경기도 성남시 중원구 갈현동 36-14,37.4279495,127.1839291,12,12,2025-08-05,0.4
439,181(이배재터널),경기도 성남시 중원구 갈현동 11-1,37.4301022,127.1898031,12,12,2025-08-05,0.4
440,182(여수터널),경기도 성남시 중원구 하대원동 산17-28,37.4248777,127.1460879,16,16,2025-08-05,0.4
441,183(광명로395번길),경기도 성남시 중원구 금광동 2528-2,37.4485072,127.1711901,12,12,2025-08-05,0.4
442,184(경충대로),경기도 성남시 중원구 갈현동 476-17,37.4227351,127.1548349,19,19,2025-08-05,0.4
443,185(그랑메종1단지),경기도 성남시 중원구 금광동 486,37.4436293,127.1626701,66,66,2025-08-05,0.4
444,186(그랑메종6단지),경기도 성남시 중원구 금광동 1061,37.4440174,127.1628799,60,60,2025-08-05,0.4
445,187(그랑메종2단지),경기도 성남시 중원구 금광동 580,37.4434196,127.1626906,62,62,2025-08-05,0.4
446,188(그랑메종3단지),경기도 성남시 중원구 금광동 1042,37.4435068,127.1630033,56,56,2025-08-05,0.4
447,189(그랑메종4단지),경기도 성남시 중원구 금광동 1944,37.4450443,127.1680175,38,38,2025-08-05,0.4
448,190(그랑메종5단지),경기도 성남시 중원구 금광동 2026,37.4448574,127.1681308,42,42,2025-08-05,0.4
449,195(사기막골로),경기도 성남시 중원구 상대원동 252-1,37.4358943,127.173217,7,7,2025-08-05,0.4
450,20-1(시민로-광명로),경기도 성남시 중원구 중앙동 2569-1,37.4398349,127.1511871,52,52,2025-08-05,0.4
451,074(돌마로터널등),경기도 성남시 중원구 도촌동 441-4,37.4160291,127.1432156,24,20,2025-08-05,0.4
452,128(황송굴다리),경기도 성남시 중원구 금광2동 2480-11,37.4506909,127.1749232,6,11,2025-08-05,0.4
453,191(순환로),경기도 성남시 중원구 은행동 545,37.4606265,127.1721454,49,49,2025-08-05,0.4
454,192(순환로),경기도 성남시 중원구 은행동 102-13,37.4588064,127.1723602,59,59,2025-08-05,0.4
455,193(순환로),경기도 성남시 중원구 은행동 87-30,37.4607414,127.1726589,21,21,2025-08-05,0.4
456,194(순환로),경기도 성남시 중원구 은행동 87-30,37.4607414,127.1726589,23,23,2025-08-05,0.4
457,196(순환로방음터널 상행),경기도 성남시 중원구 은행동 1939-3,37.4537932,127.1728446,60,60,2025-08-05,0.4
458,197(순환로방음터널 하행),경기도 성남시 중원구 은행동 1936,37.4532898,127.1708383,52,52,2025-08-05,0.4
459,고기로1,경기도 성남시 분당구 동원동  243-1,37.3553343,127.0759308,86,131,2025-08-05,0.4
460,구미로1,경기도 성남시 분당구 구미동  202,37.3368652,127.1146073,58,83,2025-08-05,0.4
461,구미로2,경기도 성남시 분당구 구미동  205-1,37.3378333,127.1165434,36,59,2025-08-05,0.4
462,구미로3,경기도 성남시 분당구 구미동  240,37.3406874,127.1236494,48,50,2025-08-05,0.4
463,구미로4,경기도 성남시 분당구 구미동  242,37.3420751,127.1232163,21,21,2025-08-05,0.4
464,구미로5,경기도 성남시 분당구 구미동  303-6,37.3401376,127.1185919,58,76,2025-08-05,0.4
465,구미로6,경기도 성남시 분당구 구미동  187-4,37.3384097,127.1105731,40,45,2025-08-05,0.4
466,구미로173번길1,경기도 성남시 분당구 구미동  285,37.3450722,127.1253033,80,81,2025-08-05,0.4
467,구미로185번길1(표찰없음),경기도 성남시 분당구 구미동  296,37.3463704,127.1258812,8,8,2025-08-05,0.4
468,국정원분전함,경기도 성남시 분당구 석운동  7-10,37.3804195,127.0458083,11,11,2025-08-05,0.4
469,궁내로1,경기도 성남시 분당구 궁내동  344-3,37.3697697,127.099539,33,33,2025-08-05,0.4
470,금곡로1,경기도 성남시 분당구 정자동  183-1,37.3572221,127.1095382,36,47,2025-08-05,0.4
471,금곡로2,경기도 성남시 분당구 정자동  181,37.3574778,127.1070653,39,52,2025-08-05,0.4
472,금곡로3,경기도 성남시 분당구 금곡동  214,37.3550439,127.1135616,34,39,2025-08-05,0.4
473,금곡로4,경기도 성남시 분당구 구미동  95-2,37.347301,127.1190077,40,45,2025-08-05,0.4
474,금곡로5,경기도 성남시 분당구 구미동  149-3,37.3441785,127.1092464,44,80,2025-08-05,0.4
475,내정로1,경기도 성남시 분당구 정자동  189-11,37.3634832,127.1190176,67,76,2025-08-05,0.4
476,내정로2,경기도 성남시 분당구 정자동  93-2,37.3701174,127.115225,61,72,2025-08-05,0.4
477,내정로3,경기도 성남시 분당구 수내동  55,37.3718491,127.1188138,44,71,2025-08-05,0.4
478,내정로4,경기도 성남시 분당구 수내동  36,37.3757344,127.119786,59,100,2025-08-05,0.4
479,내정로173번길1,경기도 성남시 분당구 수내동  38-2,37.3756772,127.117431,21,39,2025-08-05,0.4
480,느티로1,경기도 성남시 분당구 정자동  16-1,37.3680519,127.1049122,10,13,2025-08-05,0.4
481,느티로2,경기도 성남시 분당구 정자동  93-3,37.3698803,127.1108746,57,75,2025-08-05,0.4
482,대왕판교로1,경기도 성남시 분당구 동원동  37-35,37.3454209,127.1019156,21,49,2025-08-05,0.4
483,대왕판교로2,경기도 성남시 분당구 금곡동  444-148,37.348803,127.1024975,15,15,2025-08-05,0.4
484,대왕판교로3,경기도 성남시 분당구 금곡동  477,37.3488879,127.1008747,18,18,2025-08-05,0.4
485,대왕판교로4,경기도 성남시 분당구 금곡동  456,37.3505309,127.1002292,11,11,2025-08-05,0.4
486,대왕판교로5,경기도 성남시 분당구 궁내동  276-3,37.3729369,127.1021789,50,50,2025-08-05,0.4
487,대왕판교로6,경기도 성남시 분당구 백현동  410,37.3789958,127.1023303,35,49,2025-08-05,0.4
488,대왕판교로7,경기도 성남시 분당구 백현동  523-2,37.3881061,127.1024928,22,58,2025-08-05,0.4
489,대왕판교로8,경기도 성남시 분당구 백현동  519-2,37.3928408,127.1036584,18,36,2025-08-05,0.4
490,대왕판교로9,경기도 성남시 분당구 삼평동  639-3,37.3964957,127.1068777,21,43,2025-08-05,0.4
491,대왕판교로10,경기도 성남시 분당구 삼평동  682-1,37.4023897,127.105982,40,81,2025-08-05,0.4
492,대왕판교로11,경기도 성남시 분당구 삼평동  668-3,37.4016525,127.1053089,39,86,2025-08-05,0.4
493,대왕판교로12,경기도 성남시 분당구 삼평동  639-1,37.3971958,127.1066006,24,48,2025-08-05,0.4
494,대왕판교로13,경기도 성남시 분당구 백현동  409-1,37.3797211,127.1021136,33,55,2025-08-05,0.4
495,대왕판교로14,경기도 성남시 분당구 궁내동  192-7,37.3664801,127.1015694,43,43,2025-08-05,0.4
496,대왕판교로15,경기도 성남시 분당구 금곡동  97-1,37.3617844,127.1016247,37,37,2025-08-05,0.4
497,대왕판교로16,경기도 성남시 분당구 금곡동  344,37.3551765,127.1011282,40,40,2025-08-05,0.4
498,대왕판교로17,경기도 성남시 분당구 금곡동  456,37.3505309,127.1002292,23,30,2025-08-05,0.4
499,대왕판교로18,경기도 성남시 분당구 금곡동  477,37.3488879,127.1008747,24,24,2025-08-05,0.4
500,대왕판교로19,경기도 성남시 분당구 금곡동  477,37.3488879,127.1008747,22,22,2025-08-05,0.4
501,대왕판교로20,경기도 성남시 분당구 금곡동  477,37.3488879,127.1008747,18,20,2025-08-05,0.4
502,대왕판교로21,경기도 성남시 분당구 금곡동  477,37.3488879,127.1008747,18,18,2025-08-05,0.4
503,대왕판교로22,경기도 성남시 분당구 동원동  53-2,37.3452792,127.1014024,10,19,2025-08-05,0.4
504,대왕판교로385번길1,경기도 성남시 분당구 백현동  399-5,37.3779855,127.1001243,6,6,2025-08-05,0.4
505,대왕판교로560번길1,경기도 성남시 분당구 백현동  521-4,37.3897164,127.1036409,22,22,2025-08-05,0.4
506,대왕판교로560번길2,경기도 성남시 분당구 백현동  521-5,37.3875225,127.1032788,13,13,2025-08-05,0.4
507,대왕판교로606번길1,경기도 성남시 분당구 삼평동  739-1,37.3976138,127.1139237,35,70,2025-08-05,0.4
508,대왕판교로606번길3,경기도 성남시 분당구 백현동  641-1,37.3858512,127.1093695,36,72,2025-08-05,0.4
509,대왕판교로644번길1,경기도 성남시 분당구 삼평동  730,37.3996035,127.1164061,17,35,2025-08-05,0.4
510,대왕판교로644번길2,경기도 성남시 분당구 삼평동  669,37.3990287,127.1078506,54,108,2025-08-05,0.4
511,돌마로1,경기도 성남시 분당구 정자동  252,37.3559101,127.1214975,41,61,2025-08-05,0.4
512,돌마로2,경기도 성남시 분당구 정자동  257-1,37.3604199,127.1172745,54,87,2025-08-05,0.4
513,돌마로3,경기도 성남시 분당구 정자동  106-4,37.3648698,127.1193272,46,55,2025-08-05,0.4
514,돌마로4,경기도 성남시 분당구 수내동  69-1,37.3727031,127.1221455,25,54,2025-08-05,0.4
515,돌마로5,경기도 성남시 분당구 서현동  106-3,37.3825939,127.1385146,19,25,2025-08-05,0.4
516,돌마로6,경기도 성남시 분당구 서현동  159,37.3865141,127.1380054,24,38,2025-08-05,0.4
517,돌마로7,경기도 성남시 분당구 이매동  337-1,37.3914259,127.1375213,20,30,2025-08-05,0.4
518,돌마로8,경기도 성남시 분당구 야탑동  327-1,37.4157353,127.1363313,29,58,2025-08-05,0.4
519,돌마로9,경기도 성남시 분당구 야탑동  197-1,37.4108386,127.1436677,43,70,2025-08-05,0.4
520,돌마로10,경기도 성남시 분당구 야탑동  168-1,37.4074835,127.1422003,37,72,2025-08-05,0.4
521,돌마로11,경기도 성남시 분당구 이매동  337-1,37.3914259,127.1375213,20,30,2025-08-05,0.4
522,돌마로12,경기도 성남시 분당구 서현동  159,37.3865141,127.1380054,25,39,2025-08-05,0.4
523,돌마로13,경기도 성남시 분당구 서현동  107-2,37.3825494,127.1379449,19,25,2025-08-05,0.4
524,돌마로14,경기도 성남시 분당구 서현동  284-2,37.3765098,127.1315338,19,27,2025-08-05,0.4
525,돌마로15,경기도 성남시 분당구 수내동  70,37.3761184,127.1236327,17,25,2025-08-05,0.4
526,돌마로16,경기도 성남시 분당구 수내동  69-2,37.3720172,127.121388,27,52,2025-08-05,0.4
527,돌마로17,경기도 성남시 분당구 금곡동  216,37.3521613,127.1160783,53,103,2025-08-05,0.4
528,돌마로18,경기도 성남시 분당구 금곡동  140,37.3504323,127.1136058,37,56,2025-08-05,0.4
529,돌마로19,경기도 성남시 분당구 금곡동  199-1,37.3515935,127.1064968,56,62,2025-08-05,0.4
530,돌마로356번길1,경기도 성남시 분당구 수내동  126-2,37.3684195,127.1250181,22,48,2025-08-05,0.4
531,돌마로476번길1,경기도 성남시 분당구 서현동  353-3,37.3766184,127.1341927,20,39,2025-08-05,0.4
532,동막로1,경기도 성남시 분당구 대장동  310-2,37.3602238,127.0700094,26,26,2025-08-05,0.4
533,동막로2,경기도 성남시 분당구 동원동  243-1,37.3553343,127.0759308,27,27,2025-08-05,0.4
534,동막로3,경기도 성남시 분당구 동원동  243-1,37.3553343,127.0759308,23,23,2025-08-05,0.4
535,동막로4,경기도 성남시 분당구 동원동  158-1,37.350653,127.0884873,31,31,2025-08-05,0.4
536,동막로5,경기도 성남시 분당구 동원동  158-1,37.350653,127.0884873,21,32,2025-08-05,0.4
537,동막로6,경기도 성남시 분당구 동원동  289-9,37.3527057,127.0832948,22,22,2025-08-05,0.4
538,동막로7,경기도 성남시 분당구 동원동  243-1,37.3553343,127.0759308,14,14,2025-08-05,0.4
539,동막로8,경기도 성남시 분당구 대장동  310-2,37.3602238,127.0700094,19,19,2025-08-05,0.4
540,동막로9,경기도 성남시 분당구 대장동  310-2,37.3602238,127.0700094,18,19,2025-08-05,0.4
541,동원로1,경기도 성남시 분당구 동원동  94-3,37.3459707,127.0991784,26,27,2025-08-05,0.4
542,동판교로1,경기도 성남시 분당구 백현동  559,37.3872507,127.1119135,23,47,2025-08-05,0.4
543,동판교로2,경기도 성남시 분당구 백현동  546-4,37.3879162,127.1159895,19,40,2025-08-05,0.4
544,동판교로3,경기도 성남시 분당구 삼평동  743-1,37.3956749,127.1170216,18,38,2025-08-05,0.4
545,동판교로4,경기도 성남시 분당구 삼평동  728,37.4008949,127.1182067,20,44,2025-08-05,0.4
546,동판교로5,경기도 성남시 분당구 삼평동  709-1,37.4063818,127.1154939,23,46,2025-08-05,0.4
547,동판교로6,경기도 성남시 분당구 삼평동  709-1,37.4063818,127.1154939,18,36,2025-08-05,0.4
548,동판교로7,경기도 성남시 분당구 삼평동  727-1,37.4006212,127.1166303,20,44,2025-08-05,0.4
549,동판교로8,경기도 성남시 분당구 삼평동  742-1,37.39545,127.1166286,19,38,2025-08-05,0.4
550,동판교로9,경기도 성남시 분당구 백현동  546-6,37.3892931,127.1158669,25,52,2025-08-05,0.4
551,동판교로10,경기도 성남시 분당구 백현동  544-1,37.3948708,127.1176682,27,56,2025-08-05,0.4
552,동판교로52번길1,경기도 성남시 분당구 백현동  593,37.3867117,127.1145804,39,53,2025-08-05,0.4
553,동판교로60번길1,경기도 성남시 분당구 백현동  606,37.3867776,127.1158397,9,18,2025-08-05,0.4
554,동판교로177번길1,경기도 성남시 분당구 삼평동  738,37.3971258,127.115494,11,22,2025-08-05,0.4
555,무지개로1,경기도 성남시 분당구 구미동  303-3,37.3356115,127.1149533,56,116,2025-08-05,0.4
556,문정로1,경기도 성남시 분당구 율동  361-2,37.3796934,127.1525723,32,32,2025-08-05,0.4
557,미금로1,경기도 성남시 분당구 구미동  구미동111,37.3436846,127.117583,65,90,2025-08-05,0.4
558,미금일로1,경기도 성남시 분당구 구미동  144-4,37.3456093,127.111807,38,71,2025-08-05,0.4
559,미금일로2,경기도 성남시 분당구 구미동  95-2,37.347301,127.1190077,50,115,2025-08-05,0.4
560,미금일로3,경기도 성남시 분당구 구미동  95-2,37.347301,127.1190077,38,53,2025-08-05,0.4
561,발이봉남로1,경기도 성남시 분당구 수내동  130-1,37.3642463,127.126183,33,34,2025-08-05,0.4
562,발이봉북로1,경기도 성남시 분당구 수내동  127-2,37.365343,127.1291292,24,25,2025-08-05,0.4
563,백현로1,경기도 성남시 분당구 정자동  46-3,37.372976,127.1145779,46,64,2025-08-05,0.4
564,백현로2,경기도 성남시 분당구 수내동  124-1,37.3690792,127.1220311,48,85,2025-08-05,0.4
565,백현로3,경기도 성남시 분당구 정자동  94-7,37.3806828,127.110636,27,31,2025-08-05,0.4
566,벌말로30번길1,경기도 성남시 분당구 야탑동  265,37.4094285,127.1411027,45,58,2025-08-05,0.4
567,분당내곡로1,경기도 성남시 분당구 백현동  541-1,37.3887418,127.1130105,19,40,2025-08-05,0.4
568,분당내곡로2,경기도 성남시 분당구 백현동  553-1,37.3902642,127.1139773,15,34,2025-08-05,0.4
569,분당내곡로3,경기도 성남시 분당구 백현동  542-2,37.3942113,127.11322,18,37,2025-08-05,0.4
570,분당내곡로4,경기도 성남시 분당구 삼평동  740,37.3972827,127.1135331,9,18,2025-08-05,0.4
571,분당내곡로4-1(누락),경기도 성남시 분당구 삼평동  739-1,37.3976138,127.1139237,14,28,2025-08-05,0.4
572,분당내곡로5,경기도 성남시 분당구 삼평동  703-3,37.403807,127.1122828,16,40,2025-08-05,0.4
573,분당내곡로6,경기도 성남시 분당구 삼평동  703-3,37.403807,127.1122828,11,22,2025-08-05,0.4
574,분당내곡로7,경기도 성남시 분당구 삼평동  703-3,37.403807,127.1122828,12,30,2025-08-05,0.4
575,분당내곡로8,경기도 성남시 분당구 삼평동  688-2,37.4023764,127.1126514,15,32,2025-08-05,0.4
576,분당내곡로9,경기도 성남시 분당구 삼평동  658,37.3979905,127.1125195,9,18,2025-08-05,0.4
577,분당내곡로10,경기도 성남시 분당구 백현동  산 4-18,37.3918905,127.1112681,18,37,2025-08-05,0.4
578,분당내곡로11,경기도 성남시 분당구 백현동  554-2,37.3887325,127.1123252,15,32,2025-08-05,0.4
579,분당내곡로12,경기도 성남시 분당구 백현동  541-1,37.3887418,127.1130105,21,42,2025-08-05,0.4
580,분당로1,경기도 성남시 분당구 수내동  65,37.3775468,127.1240532,36,71,2025-08-05,0.4
581,분당로2,경기도 성남시 분당구 분당동  34,37.3736325,127.1301451,33,62,2025-08-05,0.4
582,분당로3,경기도 성남시 분당구 분당동  132,37.3691101,127.1478543,29,69,2025-08-05,0.4
583,분당로4,경기도 성남시 분당구 서현동  301,37.3736252,127.1343105,42,46,2025-08-05,0.4
584,분당로5,경기도 성남시 분당구 서현동  266-1,37.3828419,127.1216562,43,65,2025-08-05,0.4
585,분당로263번길1,경기도 성남시 분당구 서현동  314-1,37.372457,127.1405938,40,54,2025-08-05,0.4
586,분당로263번길2,경기도 성남시 분당구 분당동  72,37.3693198,127.1381895,70,112,2025-08-05,0.4
587,분당로359번길1,경기도 성남시 분당구 분당동  144,37.3682913,127.1444047,51,70,2025-08-05,0.4
588,분당수서로1,경기도 성남시 분당구 구미동  174,37.3383864,127.1070612,27,29,2025-08-05,0.4
589,분당수서로2,경기도 성남시 분당구 구미동  197-2,37.3411042,127.1059222,24,25,2025-08-05,0.4
590,분당수서로3,경기도 성남시 분당구 구미동  197-16,37.3428806,127.1044809,3,3,2025-08-05,0.4
591,분당수서로3-1(방음벽 안쪽),경기도 성남시 분당구 구미동  197-14,37.3466927,127.1041632,43,43,2025-08-05,0.4
592,분당수서로4,경기도 성남시 분당구 정자동  162-2,37.3622186,127.105219,23,25,2025-08-05,0.4
593,분당수서로5,경기도 성남시 분당구 정자동  6,37.3747282,127.1068614,112,155,2025-08-05,0.4
594,분당수서로6,경기도 성남시 분당구 수내동  41-1,37.3834625,127.1137078,44,95,2025-08-05,0.4
595,분당수서로7,경기도 성남시 분당구 야탑동,37.4062703,127.144621,11,12,2025-08-05,0.4
596,분당수서로8,경기도 성남시 분당구 삼평동  638,37.3984908,127.1108895,6,9,2025-08-05,0.4
597,분당수서로9,경기도 성남시 분당구 정자동  94-7,37.3806828,127.110636,23,25,2025-08-05,0.4
598,분당수서로9-1(표찰없음),경기도 성남시 분당구 정자동  5-1,37.375823,127.1042615,2,2,2025-08-05,0.4
599,분당수서로10,경기도 성남시 분당구 금곡동  224,37.3535073,127.1038411,71,71,2025-08-05,0.4
600,분당수서로10-1(표찰없음),경기도 성남시 분당구 구미동  173-8,37.3459899,127.1038846,15,44,2025-08-05,0.4
601,분당수서로10-2(표찰없음),경기도 성남시 분당구 구미동  173-1,37.3405904,127.1039856,1,56,2025-08-05,0.4
602,불곡로1,경기도 성남시 분당구 정자동  222-7,37.3592034,127.1240535,47,59,2025-08-05,0.4
603,불정로1,경기도 성남시 분당구 수내동  125-2,37.3652811,127.1251513,20,20,2025-08-05,0.4
604,불정로2,경기도 성남시 분당구 서현동  353-4,37.3748969,127.1359697,45,61,2025-08-05,0.4
605,불정로3,경기도 성남시 분당구 분당동  39,37.3706634,127.1292037,49,66,2025-08-05,0.4
606,불정로4,경기도 성남시 분당구 정자동  110,37.3648682,127.1223699,33,33,2025-08-05,0.4
607,불정로5,경기도 성남시 분당구 정자동  255-3,37.3600517,127.1193497,63,87,2025-08-05,0.4
608,불정로6,경기도 성남시 분당구 정자동  138-4,37.3603136,127.114572,26,33,2025-08-05,0.4
609,불정로7,경기도 성남시 분당구 정자동  140-10,37.3601076,127.1128557,24,34,2025-08-05,0.4
610,불정로8,경기도 성남시 분당구 정자동  170-1,37.3608517,127.1065438,49,51,2025-08-05,0.4
611,불정로23번길1,경기도 성남시 분당구 정자동  170-1,37.3608517,127.1065438,19,19,2025-08-05,0.4
612,불정로376번길1,경기도 성남시 분당구 서현동  310,37.370974,127.1376249,22,38,2025-08-05,0.4
613,산운로1,경기도 성남시 분당구 운중동  1001-14,37.3927562,127.0816086,18,35,2025-08-05,0.4
614,산운로2,경기도 성남시 분당구 운중동  985-14,37.3940852,127.0785186,24,24,2025-08-05,0.4
615,산운로3,경기도 성남시 분당구 운중동  989,37.3938145,127.0721426,27,55,2025-08-05,0.4
616,산운로56번길1,경기도 성남시 분당구 운중동  892-8,37.3924072,127.0678493,34,58,2025-08-05,0.4
617,산운로165번길1,경기도 성남시 분당구 운중동  990,37.3953245,127.0810288,11,11,2025-08-05,0.4
618,새마을로1,경기도 성남시 분당구 율동  311,37.3830463,127.1497879,20,40,2025-08-05,0.4
619,새마을로2,경기도 성남시 분당구 서현동  43-1,37.383252,127.1412766,28,56,2025-08-05,0.4
620,새마을로3,경기도 성남시 분당구 서현동  104-1,37.3834168,127.1379725,51,102,2025-08-05,0.4
621,새마을로83번길1,경기도 성남시 분당구 서현동  23-5,37.3845074,127.1406628,0,0,2025-08-05,0.4
622,서판교로1,경기도 성남시 분당구 판교동  584-4,37.3880544,127.0988932,57,113,2025-08-05,0.4
623,서판교로2,경기도 성남시 분당구 판교동  492,37.402457,127.0915548,18,36,2025-08-05,0.4
624,서판교로3,경기도 성남시 분당구 판교동  553,37.3958401,127.0907626,42,81,2025-08-05,0.4
625,서판교로4,경기도 성남시 분당구 판교동  585,37.3900119,127.0962875,36,70,2025-08-05,0.4
626,서판교로32번길1,경기도 성남시 분당구 판교동  573,37.3901678,127.0991736,5,5,2025-08-05,0.4
627,서판교로44번길1,경기도 성남시 분당구 판교동  560-10,37.391713,127.1000536,53,53,2025-08-05,0.4
628,서판교로132번길1,경기도 성남시 분당구 판교동  518-1,37.3996479,127.0968353,5,5,2025-08-05,0.4
629,서현로1,경기도 성남시 분당구 백현동  519-1,37.3944011,127.1053178,40,49,2025-08-05,0.4
630,서현로2,경기도 성남시 분당구 백현동  522,37.3929285,127.1071,17,34,2025-08-05,0.4
631,서현로3,경기도 성남시 분당구 백현동  555-1,37.3915543,127.1104264,20,55,2025-08-05,0.4
632,서현로4,경기도 성남시 분당구 백현동  553,37.3901427,127.1146052,24,49,2025-08-05,0.4
633,서현로5,경기도 성남시 분당구 서현동  281-1,37.3859413,127.1223987,22,37,2025-08-05,0.4
634,서현로6,경기도 성남시 분당구 서현동  283-1,37.3841891,127.1292935,27,45,2025-08-05,0.4
635,서현로7,경기도 성남시 분당구 서현동  283-1,37.3841891,127.1292935,48,92,2025-08-05,0.4
636,서현로8,경기도 성남시 분당구 서현동  346-2,37.3786119,127.1366294,31,47,2025-08-05,0.4
637,서현로9,경기도 성남시 분당구 분당동  산 43-15,37.3617234,127.1484682,65,96,2025-08-05,0.4
638,서현로10,경기도 성남시 분당구 분당동  191-3,37.3658767,127.1503502,28,38,2025-08-05,0.4
639,서현로11,경기도 성남시 분당구 분당동  113,37.3718057,127.1484103,60,103,2025-08-05,0.4
640,서현로12,경기도 성남시 분당구 서현동  344-1,37.3760069,127.1403245,40,47,2025-08-05,0.4
641,서현로13,경기도 성남시 분당구 이매동  129-8,37.3921795,127.1238957,20,28,2025-08-05,0.4
642,서현로14,경기도 성남시 분당구 백현동  542-3,37.3924965,127.1145048,19,50,2025-08-05,0.4
643,서현로15,경기도 성남시 분당구 백현동  529-2,37.3923905,127.1094592,18,42,2025-08-05,0.4
644,서현로180번길1,경기도 성남시 분당구 서현동  260-1,37.3869772,127.1217964,52,53,2025-08-05,0.4
645,서현로429번길1(주차장분전함),경기도 성남시 분당구 분당동  101,37.3752285,127.1440372,8,8,2025-08-05,0.4
646,석운로1,경기도 성남시 분당구 운중동  산 99-6,37.3906288,127.0624001,17,17,2025-08-05,0.4
647,성남대로1,경기도 성남시 분당구 구미동  20,37.3467272,127.109567,38,53,2025-08-05,0.4
648,성남대로2,경기도 성남시 분당구 구미동  22,37.3480889,127.1095597,36,59,2025-08-05,0.4
649,성남대로3,경기도 성남시 분당구 금곡동  156,37.3506463,127.1092475,34,38,2025-08-05,0.4
650,성남대로4,경기도 성남시 분당구 금곡동  144,37.3523228,127.1092091,29,45,2025-08-05,0.4
651,성남대로5,경기도 성남시 분당구 금곡동  129,37.3542157,127.109185,44,69,2025-08-05,0.4
652,성남대로6,경기도 성남시 분당구 정자동  95-1,37.3662176,127.1081017,32,35,2025-08-05,0.4
653,성남대로7,경기도 성남시 분당구 정자동  79-1,37.3740857,127.1112915,27,39,2025-08-05,0.4
654,성남대로8,경기도 성남시 분당구 수내동  39-2,37.3762614,127.1138436,17,26,2025-08-05,0.4
655,성남대로9,경기도 성남시 분당구 수내동  66,37.3745369,127.1254464,46,50,2025-08-05,0.4
656,성남대로11,경기도 성남시 분당구 야탑동,37.4062703,127.144621,18,37,2025-08-05,0.4
657,성남대로12,경기도 성남시 분당구 이매동  129-1,37.393995,127.1282313,25,47,2025-08-05,0.4
658,성남대로13,경기도 성남시 분당구 이매동  129-2,37.3936552,127.1253866,42,83,2025-08-05,0.4
659,성남대로14,경기도 성남시 분당구 정자동  7,37.3716623,127.1072131,29,34,2025-08-05,0.4
660,성남대로15,경기도 성남시 분당구 구미동  197-2,37.3411042,127.1059222,45,50,2025-08-05,0.4
661,성남대로16,경기도 성남시 분당구 구미동  174,37.3383864,127.1070612,31,39,2025-08-05,0.4
662,성남대로779번길1,경기도 성남시 분당구 이매동  129-10,37.4008139,127.125264,55,79,2025-08-05,0.4
663,성남대로779번길2,경기도 성남시 분당구 이매동  152-6,37.4007205,127.1237196,46,77,2025-08-05,0.4
664,쇳골로1,경기도 성남시 분당구 금곡동  64-7,37.3629964,127.0978197,12,14,2025-08-05,0.4
665,수내로1,경기도 성남시 분당구 분당동  59-1,37.3726189,127.1269664,55,97,2025-08-05,0.4
666,수내로2,경기도 성남시 분당구 수내동  69-1,37.3727031,127.1221455,37,69,2025-08-05,0.4
667,수내로3,경기도 성남시 분당구 수내동  40-3,37.3813,127.1172332,56,69,2025-08-05,0.4
668,신수로1(수지구청),경기도 성남시 분당구 구미동  819-2,37.3416246,127.1028713,13,39,2025-08-05,0.4
669,안골로1,경기도 성남시 분당구 서현동  231-21,37.3841698,127.1327357,8,8,2025-08-05,0.4
670,안양판교로1,경기도 성남시 분당구 운중동  산 87-2,37.3923009,127.0443067,36,36,2025-08-05,0.4
671,안양판교로2,경기도 성남시 분당구 운중동  산 94-31,37.3899328,127.0541694,32,32,2025-08-05,0.4
672,안양판교로3,경기도 성남시 분당구 운중동  168-1,37.3905526,127.0593184,23,23,2025-08-05,0.4
673,안양판교로4,경기도 성남시 분당구 운중동  903-2,37.3889057,127.0695558,15,15,2025-08-05,0.4
674,안양판교로5,경기도 성남시 분당구 운중동  914,37.3888547,127.0663515,18,31,2025-08-05,0.4
675,안양판교로6,경기도 성남시 분당구 운중동  914-1,37.3862323,127.0695474,18,30,2025-08-05,0.4
676,안양판교로7,경기도 성남시 분당구 백현동  455-1,37.382019,127.1014773,46,80,2025-08-05,0.4
677,안양판교로8,경기도 성남시 분당구 백현동  487-4,37.381763,127.0953621,70,70,2025-08-05,0.4
678,안양판교로8-1(누락),경기도 성남시 분당구 백현동  500-36,37.3835067,127.0904972,25,25,2025-08-05,0.4
679,안양판교로9,경기도 성남시 분당구 하산운동  266-50,37.3877929,127.0813596,31,31,2025-08-05,0.4
680,안양판교로10,경기도 성남시 분당구 하산운동  281-4,37.3874534,127.0804308,21,21,2025-08-05,0.4
681,안양판교로11,경기도 성남시 분당구 운중동  921-5,37.3889464,127.0729636,20,26,2025-08-05,0.4
682,안양판교로12,경기도 성남시 분당구 운중동  903-2,37.3889057,127.0695558,25,26,2025-08-05,0.4
683,안양판교로13,경기도 성남시 분당구 운중동  168-1,37.3905526,127.0593184,32,51,2025-08-05,0.4
684,안양판교로14,경기도 성남시 분당구 운중동  459-7,37.3902575,127.0539032,32,51,2025-08-05,0.4
685,안양판교로15,경기도 성남시 분당구 운중동  산 87-2,37.3923009,127.0443067,36,56,2025-08-05,0.4
686,안양판교로828번길1,경기도 성남시 분당구 운중동  413,37.3891264,127.0594134,7,7,2025-08-05,0.4
687,안양판교로828번길2,경기도 성남시 분당구 운중동  109-5,37.3913252,127.0607338,27,27,2025-08-05,0.4
688,안양판교로828번길3(표찰없음),경기도 성남시 분당구 석운동  13,37.3831268,127.0480352,20,28,2025-08-05,0.4
689,야탑로1,경기도 성남시 분당구 야탑동  502,37.4094679,127.1257776,56,104,2025-08-05,0.4
690,야탑로2,경기도 성남시 분당구 야탑동  514-4,37.409572,127.1305917,32,55,2025-08-05,0.4
691,야탑로3,경기도 성남시 분당구 야탑동  518,37.4087339,127.1349528,40,68,2025-08-05,0.4
692,야탑로4,경기도 성남시 분당구 야탑동  197-2,37.4081983,127.1418776,39,63,2025-08-05,0.4
693,야탑로5,경기도 성남시 분당구 야탑동  195,37.4095241,127.1499699,58,82,2025-08-05,0.4
694,야탑로6,경기도 성남시 분당구 야탑동  175-1,37.4072515,127.1458971,44,71,2025-08-05,0.4
695,야탑로7,경기도 성남시 분당구 야탑동  358-5,37.4101076,127.1281941,13,19,2025-08-05,0.4
696,야탑로8,경기도 성남시 분당구 야탑동  486,37.4104106,127.120664,23,23,2025-08-05,0.4
697,야탑로65번길1,경기도 성남시 분당구 야탑동  346,37.4118439,127.1253596,28,28,2025-08-05,0.4
698,야탑로271번길1,경기도 성남시 분당구 야탑동  197-3,37.4081516,127.1470261,49,53,2025-08-05,0.4
699,양현로1,경기도 성남시 분당구 서현동  277,37.3853113,127.1188992,64,105,2025-08-05,0.4
700,양현로2,경기도 성남시 분당구 야탑동  344-1,37.4131756,127.1234452,50,76,2025-08-05,0.4
701,양현로3,경기도 성남시 분당구 야탑동 593,37.407388,127.1349653,43,86,2025-08-05,0.4
702,양현로4,경기도 성남시 분당구 이매동  129-8,37.3921795,127.1238957,30,61,2025-08-05,0.4
703,양현로94번길1,경기도 성남시 분당구 이매동  121,37.3911558,127.1249454,32,36,2025-08-05,0.4
704,예원로6번길1,경기도 성남시 분당구 분당동  57-2,37.369416,127.1343107,23,24,2025-08-05,0.4
705,운중로1,경기도 성남시 분당구 운중동  900,37.3910898,127.0672529,24,53,2025-08-05,0.4
706,운중로2,경기도 성남시 분당구 운중동  954-2,37.3908413,127.070749,17,37,2025-08-05,0.4
707,운중로3,경기도 성남시 분당구 운중동  948-1,37.3906646,127.0757178,59,94,2025-08-05,0.4
708,운중로4,경기도 성남시 분당구 운중동  1019-10,37.3912475,127.0806275,54,78,2025-08-05,0.4
709,운중로5,경기도 성남시 분당구 판교동  624,37.3893268,127.088608,53,103,2025-08-05,0.4
710,운중로6,경기도 성남시 분당구 운중동  1001-16,37.3922365,127.0816888,57,84,2025-08-05,0.4
711,운중로7,경기도 성남시 분당구 운중동  958-1,37.3919576,127.0747415,33,60,2025-08-05,0.4
712,운중로8,경기도 성남시 분당구 운중동  956-1,37.3923812,127.0702993,30,46,2025-08-05,0.4
713,운중로9,경기도 성남시 분당구 운중동  883-7,37.3917154,127.0660285,33,67,2025-08-05,0.4
714,운중로10(구조물관리과 소관),경기도 성남시 분당구 운중동  902-1,37.3916544,127.0628605,3,14,2025-08-05,0.4
715,운중로125번길1(녹지공원과),경기도 성남시 분당구 운중동  977-1,37.3925857,127.0770895,0,0,2025-08-05,0.4
716,운중로125번길2,경기도 성남시 분당구 운중동  973-9,37.3929811,127.0782685,51,75,2025-08-05,0.4
717,운중로178번길1(점멸기 철거),경기도 성남시 분당구 운중동  1027,37.3906699,127.0826454,0,0,2025-08-05,0.4
718,운중로187번길1,경기도 성남시 분당구 운중동  1012,37.3915333,127.0837588,26,32,2025-08-05,0.4
719,운중로225번길1,경기도 성남시 분당구 판교동  553,37.3958401,127.0907626,37,52,2025-08-05,0.4
720,운중로257번길1,경기도 성남시 분당구 판교동  601-4,37.3901741,127.0916107,55,69,2025-08-05,0.4
721,운중터널(변전실),경기도 성남시 분당구 운중동  산 94-1,37.3882593,127.0550825,14,14,2025-08-05,0.4
722,이매로1,경기도 성남시 분당구 이매동  261-1,37.3940328,127.1295045,50,77,2025-08-05,0.4
723,이매로2,경기도 성남시 분당구 이매동  129-2,37.3936552,127.1253866,14,27,2025-08-05,0.4
724,이매로3,경기도 성남시 분당구 이매동  115-2,37.3950185,127.1258653,33,47,2025-08-05,0.4
725,이매로4,경기도 성남시 분당구 이매동  146-6,37.3950201,127.1232626,47,65,2025-08-05,0.4
726,장미로1,경기도 성남시 분당구 야탑동  488-2,37.4121736,127.1260479,33,64,2025-08-05,0.4
727,장미로2,경기도 성남시 분당구 야탑동  328-2,37.4137382,127.1388166,32,45,2025-08-05,0.4
728,장미로3,경기도 성남시 분당구 야탑동  215,37.4142071,127.1357549,58,87,2025-08-05,0.4
729,장미로4,경기도 성남시 분당구 야탑동  340,37.4140494,127.1306109,29,31,2025-08-05,0.4
730,장미로5,경기도 성남시 분당구 야탑동  485-17,37.4139343,127.1222527,59,103,2025-08-05,0.4
731,장미로100번길1(녹지공원과),경기도 성남시 분당구 야탑동  372-17,37.4118347,127.1310622,4,4,2025-08-05,0.4
732,장안로1,경기도 성남시 분당구 분당동  170-7,37.3677996,127.140678,41,95,2025-08-05,0.4
733,장안로2,경기도 성남시 분당구 분당동  70,37.3706329,127.1421381,38,71,2025-08-05,0.4
734,장안로25번길1,경기도 성남시 분당구 분당동  90-1,37.3704576,127.1434586,31,79,2025-08-05,0.4
735,점골어린이공원(녹지공원과분전함),경기도 성남시 분당구 서현동  332,37.3771634,127.140173,11,12,2025-08-05,0.4
736,정자로1,경기도 성남시 분당구 정자동  100-3,37.3687904,127.1090267,48,58,2025-08-05,0.4
737,정자로2,경기도 성남시 분당구 정자동  189-3,37.3641241,127.1125602,46,71,2025-08-05,0.4
738,정자로3,경기도 성남시 분당구 정자동  155-2,37.3637177,127.1063086,50,80,2025-08-05,0.4
739,정자일로1,경기도 성남시 분당구 금곡동  180,37.3542189,127.1072971,46,74,2025-08-05,0.4
740,정자일로2,경기도 성남시 분당구 정자동  14-3,37.368967,127.1065031,41,67,2025-08-05,0.4
741,주차지원과분전함,경기도 성남시 분당구 궁내동  366-30,37.3686143,127.0995193,0,0,2025-08-05,0.4
742,중앙공원로1,경기도 성남시 분당구 서현동  289-3,37.3822955,127.1267853,43,85,2025-08-05,0.4
743,중앙공원로31번길1,경기도 성남시 분당구 서현동  91,37.3810417,127.1254751,55,111,2025-08-05,0.4
744,중앙공원로39번길1,경기도 성남시 분당구 서현동  91,37.3810417,127.1254751,32,40,2025-08-05,0.4
745,중앙공원로40번길1,경기도 성남시 분당구 서현동  284-1,37.3802015,127.1341118,32,56,2025-08-05,0.4
746,큰골어린이공원 분전함 2분기,경기도 성남시 분당구 구미동  252,37.3401933,127.1260569,4,12,2025-08-05,0.4
747,탄천로1,경기도 성남시 분당구 야탑동  485-4,37.4113415,127.1218951,60,63,2025-08-05,0.4
748,탄천로105-1 ~ 105-2 전원,경기도 성남시 분당구 이매동  133,37.4007998,127.1215168,0,0,2025-08-05,0.4
749,탄천상로1,경기도 성남시 분당구 구미동  197-3,37.341162,127.105933,41,45,2025-08-05,0.4
750,탄천상로2,경기도 성남시 분당구 구미동  197-7,37.339929,127.1101622,43,56,2025-08-05,0.4
751,탄천상로3,경기도 성남시 분당구 구미동  197-10,37.336746,127.1117321,24,30,2025-08-05,0.4
752,탄천상로151번길1,경기도 성남시 분당구 구미동  197-4,37.3411601,127.1073892,22,24,2025-08-05,0.4
753,판교로1,경기도 성남시 분당구 판교동  623,37.38963,127.0864175,76,132,2025-08-05,0.4
754,판교로2,경기도 성남시 분당구 판교동  514-13,37.398203,127.0918134,47,78,2025-08-05,0.4
755,판교로3,경기도 성남시 분당구 판교동  494-2,37.3996902,127.0943248,47,83,2025-08-05,0.4
756,판교로4,경기도 성남시 분당구 삼평동  622-1,37.4029208,127.1015523,17,38,2025-08-05,0.4
757,판교로5,경기도 성남시 분당구 삼평동  685,37.4027705,127.1073641,16,32,2025-08-05,0.4
758,판교로6,경기도 성남시 분당구 삼평동  720,37.4038168,127.1159211,25,55,2025-08-05,0.4
759,판교로7,경기도 성남시 분당구 이매동  97-1,37.405111,127.1257293,50,68,2025-08-05,0.4
760,판교로8,경기도 성남시 분당구 야탑동  544-5,37.4067116,127.1327008,53,104,2025-08-05,0.4
761,판교로9,경기도 성남시 분당구 야탑동  198-1,37.4064714,127.1415238,60,103,2025-08-05,0.4
762,판교로10,경기도 성남시 분당구 야탑동  161,37.4061228,127.1456467,34,52,2025-08-05,0.4
763,판교로11,경기도 성남시 분당구 야탑동  553-1,37.4065807,127.1226913,59,99,2025-08-05,0.4
764,판교로12,경기도 성남시 분당구 삼평동  717-6,37.4042928,127.1161217,22,49,2025-08-05,0.4
765,판교로13,경기도 성남시 분당구 삼평동  691-1,37.4034806,127.1093091,24,49,2025-08-05,0.4
766,판교로14,경기도 성남시 분당구 삼평동  621-1,37.403636,127.1022199,17,33,2025-08-05,0.4
767,판교로19번길1,경기도 성남시 분당구 운중동  1045-6,37.3892064,127.0836142,19,19,2025-08-05,0.4
768,판교로25번길1,경기도 성남시 분당구 운중동  1034-4,37.3902425,127.0850075,11,11,2025-08-05,0.4
769,판교로197번길1,경기도 성남시 분당구 판교동  499,37.400939,127.0955944,29,29,2025-08-05,0.4
770,판교로209번길1,경기도 성남시 분당구 판교동  508-10,37.4031844,127.0948456,32,33,2025-08-05,0.4
771,판교로210번길1,경기도 성남시 분당구 판교동  509-12,37.3976187,127.0995542,88,88,2025-08-05,0.4
772,판교로210번길2,경기도 성남시 분당구 판교동  509-12,37.3976187,127.0995542,45,51,2025-08-05,0.4
773,판교로228번길1,경기도 성남시 분당구 삼평동  636-2,37.3950781,127.1016819,27,48,2025-08-05,0.4
774,판교로255번길1,경기도 성남시 분당구 삼평동  612-2,37.4053872,127.1006439,41,82,2025-08-05,0.4
775,판교로255번길2,경기도 성남시 분당구 삼평동  621,37.4033305,127.1010313,32,63,2025-08-05,0.4
776,판교로256번길1,경기도 성남시 분당구 삼평동  626,37.401622,127.1021429,37,74,2025-08-05,0.4
777,판교로256번길2,경기도 성남시 분당구 삼평동  624,37.4021091,127.1002238,31,54,2025-08-05,0.4
778,판교로289번길1,경기도 성남시 분당구 삼평동  694-2,37.4050997,127.1040117,24,58,2025-08-05,0.4
779,판교로319번길1,경기도 성남시 분당구 삼평동  698-1,37.4046508,127.10677,27,54,2025-08-05,0.4
780,판교백현로1,경기도 성남시 분당구 백현동  492-25,37.3828474,127.0933731,17,34,2025-08-05,0.4
781,판교역로1,경기도 성남시 분당구 백현동  567,37.3859272,127.1091016,16,32,2025-08-05,0.4
782,판교역로2,경기도 성남시 분당구 백현동  555,37.3905253,127.1102916,33,66,2025-08-05,0.4
783,판교역로2번길1,경기도 성남시 분당구 백현동  564-8,37.3858119,127.1112119,36,36,2025-08-05,0.4
784,판교역로3,경기도 성남시 분당구 백현동  531-1,37.3942568,127.109655,29,58,2025-08-05,0.4
785,판교역로4,경기도 성남시 분당구 삼평동  664-1,37.3980347,127.1113072,69,138,2025-08-05,0.4
786,판교역로5,경기도 성남시 분당구 삼평동  679,37.401288,127.1104439,27,54,2025-08-05,0.4
787,판교역로6,경기도 성남시 분당구 삼평동  680,37.4012839,127.1086461,23,46,2025-08-05,0.4
788,판교역로7,경기도 성남시 분당구 백현동  525,37.3845601,127.1075612,19,38,2025-08-05,0.4
789,판교역로50번길1,경기도 성남시 분당구 백현동  567-1,37.3852511,127.1106047,38,55,2025-08-05,0.4
790,판교역로146번길1,경기도 성남시 분당구 백현동  산 4-16,37.3918905,127.1112681,17,34,2025-08-05,0.4
791,판교역로226번길1,경기도 성남시 분당구 삼평동  675-1,37.4016591,127.1113879,19,38,2025-08-05,0.4
792,판교역로241번길1,경기도 성남시 분당구 삼평동  681,37.4020664,127.1086468,16,33,2025-08-05,0.4
793,판교원로1,경기도 성남시 분당구 운중동  910-9,37.3898055,127.068665,47,71,2025-08-05,0.4
794,판교원로2,경기도 성남시 분당구 판교동  632-1,37.3862782,127.0872439,37,59,2025-08-05,0.4
795,판교원로3,경기도 성남시 분당구 판교동  638-3,37.3863368,127.0922359,28,56,2025-08-05,0.4
796,판교원로4,경기도 성남시 분당구 판교동  649-4,37.3864191,127.0987465,61,73,2025-08-05,0.4
797,판교원로5,경기도 성남시 분당구 운중동  925-1,37.3886843,127.0801453,40,62,2025-08-05,0.4
798,판교원로6,경기도 성남시 분당구 운중동  921-2,37.3897213,127.071778,30,63,2025-08-05,0.4
799,판교원로7,경기도 성남시 분당구 판교동  655,37.3842911,127.1010969,15,30,2025-08-05,0.4
800,판교원로82번길1,경기도 성남시 분당구 운중동  917-8,37.3838106,127.0745307,46,77,2025-08-05,0.4
801,판교원로82번길2,경기도 성남시 분당구 운중동  917-1,37.3862836,127.0747633,15,33,2025-08-05,0.4
802,하오개로344번길1,경기도 성남시 분당구 운중동  448-30,37.3912936,127.0572998,6,6,2025-08-05,0.4
803,하오개로401번길1,경기도 성남시 분당구 운중동  880-10,37.3927965,127.0639172,53,70,2025-08-05,0.4
804,하오개로[16~18]전원,경기도 성남시 분당구 운중동  448-34,37.3913639,127.0572981,0,0,2025-08-05,0.4
805,황새울로1,경기도 성남시 분당구 정자동  122,37.3646713,127.1113034,50,65,2025-08-05,0.4
806,황새울로2,경기도 성남시 분당구 정자동  77,37.3710692,127.1105877,41,81,2025-08-05,0.4
807,황새울로2-1,경기도 성남시 분당구 정자동  27,37.3762236,127.1103729,1,3,2025-08-05,0.4
808,황새울로3,경기도 성남시 분당구 수내동  40-6,37.3795036,127.1134295,62,64,2025-08-05,0.4
809,황새울로200번길1,경기도 성남시 분당구 수내동  21-4,37.3776512,127.1116282,39,39,2025-08-05,0.4
810,황새울로258번길1,경기도 성남시 분당구 수내동  9-1,37.3806645,127.1158267,50,54,2025-08-05,0.4
811,황새울로312번길1,경기도 성남시 분당구 서현동  271-3,37.3842684,127.1209505,54,58,2025-08-05,0.4
812,황새울로360번길1,경기도 성남시 분당구 서현동  249-1,37.3870136,127.1243302,46,46,2025-08-05,0.4
813,판교대장로1(LP-18),경기도 성남시 분당구 대장동 321-2,37.3595176,127.0685115,34,39,2025-08-05,0.4
814,판교대장로2(LP-14),경기도 성남시 분당구 대장동 316-1,37.362663,127.0680394,17,30,2025-08-05,0.4
815,판교대장로3(LP-10),경기도 성남시 분당구 대장동 246-1,37.3653108,127.0684495,8,19,2025-08-05,0.4
816,판교대장로4길1(LP-17),경기도 성남시 분당구 대장동 235-1,37.3638448,127.0676522,35,35,2025-08-05,0.4
817,판교대장로5길1(LP-12),경기도 성남시 분당구 대장동 642,37.3643267,127.06203,18,41,2025-08-05,0.4
818,판교대장로5길2(LP-8),경기도 성남시 분당구 대장동 642,37.3643267,127.06203,21,45,2025-08-05,0.4
819,판교대장로6(LP-6),경기도 성남시 분당구 대장동 38-2,37.3706299,127.0701303,34,62,2025-08-05,0.4
820,판교대장로6길1(LP-7),경기도 성남시 분당구 대장동 200-18,37.367095,127.0688389,21,45,2025-08-05,0.4
821,판교대장로7(LP-9),경기도 성남시 분당구 대장동 229-13,37.3651267,127.0676422,11,22,2025-08-05,0.4
822,판교대장로7길1(LP-3),경기도 성남시 분당구 대장동 산 19-26,37.3725703,127.0714013,17,34,2025-08-05,0.4
823,판교대장로7길2(LP-1),경기도 성남시 분당구 대장동 590,37.3695249,127.0652371,14,20,2025-08-05,0.4
824,판교대장로7길3(LP-16),경기도 성남시 분당구 대장동 103,37.3710443,127.0679812,22,28,2025-08-05,0.4
825,판교대장로7길4(LP-15),경기도 성남시 분당구 대장동 산 19-42,37.3715031,127.0689091,18,18,2025-08-05,0.4
826,판교대장로7길5(LP-2),경기도 성남시 분당구 대장동 84-4,37.3721012,127.069636,26,56,2025-08-05,0.4
827,판교대장로8(LP-11),경기도 성남시 분당구 대장동 산 35-7,37.3635296,127.0667384,9,19,2025-08-05,0.4
828,판교대장로9(LP-13),경기도 성남시 분당구 대장동 239-3,37.3627605,127.0674954,26,38,2025-08-05,0.4